# 3ds Max Wavefront OBJ Exporter v0.97b - (c)2007 guruware
# File Created: 02.04.2017 21:39:47

mtllib -222.mtl

#
# object default
#

v  0.0527 -0.1475 1.4679
v  0.0595 -0.1463 1.4664
v  0.0534 -0.1448 1.4657
v  0.0580 -0.1488 1.4684
v  0.0639 -0.1523 1.4693
v  0.0661 -0.1497 1.4673
v  0.0471 -0.1449 1.4660
v  0.0467 -0.1480 1.4682
v  0.0384 -0.1500 1.4701
v  0.0395 -0.1465 1.4667
v  0.0320 -0.1462 1.4670
v  0.0184 -0.1517 1.4711
v  0.0211 -0.1561 1.4752
v  0.0019 -0.1588 1.4771
v  0.0351 -0.1440 1.4651
v  0.0014 -0.1548 1.4749
v  -0.0147 -0.1539 1.4728
v  -0.0160 -0.1577 1.4747
v  -0.0295 -0.1479 1.4679
v  -0.0330 -0.1509 1.4688
v  -0.0468 -0.1329 1.4580
v  -0.0503 -0.1349 1.4594
v  -0.0568 -0.1158 1.4482
v  -0.0606 -0.1167 1.4491
v  -0.0639 -0.0924 1.4384
v  -0.0683 -0.0934 1.4395
v  -0.0684 -0.0728 1.4332
v  -0.0726 -0.0737 1.4338
v  -0.0706 -0.0523 1.4271
v  -0.0748 -0.0522 1.4276
v  -0.0697 -0.0336 1.4211
v  -0.0741 -0.0334 1.4217
v  0.0582 -0.1620 1.4514
v  0.0634 -0.1646 1.4526
v  0.0529 -0.1604 1.4509
v  0.0473 -0.1604 1.4511
v  0.0377 -0.1627 1.4530
v  0.0224 -0.1676 1.4576
v  0.0024 -0.1710 1.4604
v  -0.0147 -0.1694 1.4590
v  -0.0308 -0.1637 1.4528
v  -0.0481 -0.1498 1.4423
v  -0.0629 -0.1281 1.4295
v  -0.0667 -0.1174 1.4241
v  -0.0692 -0.1029 1.4179
v  -0.0724 -0.0804 1.4113
v  -0.0770 -0.0592 1.4056
v  -0.0793 -0.0403 1.4003
v  0.0612 -0.1598 1.4497
v  0.0541 -0.1577 1.4489
v  0.0653 -0.1621 1.4506
v  0.0469 -0.1570 1.4491
v  0.0367 -0.1605 1.4499
v  0.0338 -0.1574 1.4477
v  0.0269 -0.1612 1.4511
v  0.0198 -0.1638 1.4537
v  0.0018 -0.1681 1.4581
v  -0.0138 -0.1665 1.4566
v  -0.0285 -0.1609 1.4510
v  -0.0448 -0.1476 1.4411
v  -0.0590 -0.1275 1.4286
v  -0.0624 -0.1165 1.4235
v  -0.0651 -0.1026 1.4180
v  -0.0688 -0.0801 1.4113
v  -0.0727 -0.0586 1.4056
v  -0.0746 -0.0399 1.4000
v  0.0529 -0.1417 1.4368
v  0.0450 -0.1542 1.4453
v  0.0416 -0.1513 1.4433
v  0.0567 -0.1437 1.4383
v  0.0616 -0.1287 1.4292
v  0.0660 -0.1302 1.4306
v  0.0673 -0.1088 1.4199
v  0.0721 -0.1090 1.4201
v  0.0700 -0.0838 1.4122
v  0.0746 -0.0837 1.4121
v  0.0727 -0.0611 1.4059
v  0.0777 -0.0617 1.4064
v  0.0750 -0.0387 1.3989
v  0.0799 -0.0399 1.4002
v  0.0443 -0.1424 1.4644
v  0.0550 -0.1318 1.4578
v  0.0646 -0.1176 1.4494
v  0.0710 -0.0972 1.4409
v  0.0748 -0.0744 1.4341
v  0.0757 -0.0530 1.4279
v  0.0749 -0.0332 1.4218
v  0.0407 -0.1397 1.4621
v  0.0513 -0.1299 1.4566
v  0.0596 -0.1166 1.4479
v  0.0663 -0.0960 1.4402
v  0.0701 -0.0739 1.4337
v  0.0706 -0.0527 1.4272
v  0.0001 0.0602 1.4058
v  -0.0195 0.0530 1.4212
v  0.0000 0.0553 1.4225
v  -0.0181 0.0456 1.4334
v  -0.0394 0.0463 1.4175
v  -0.0209 0.0573 1.4037
v  0.0212 0.0577 1.4036
v  0.0195 0.0525 1.4209
v  0.0002 0.0627 1.3852
v  -0.0217 0.0594 1.3847
v  -0.0413 0.0496 1.4012
v  0.0001 0.0469 1.4350
v  -0.0580 0.0371 1.3994
v  -0.0549 0.0347 1.4148
v  -0.0648 0.0209 1.4131
v  -0.0427 0.0508 1.3828
v  -0.0225 0.0594 1.3616
v  -0.0000 0.0635 1.3625
v  0.0227 0.0599 1.3615
v  -0.0001 0.0591 1.3333
v  -0.0226 0.0544 1.3328
v  -0.0436 0.0505 1.3596
v  -0.0603 0.0372 1.3811
v  -0.0683 0.0212 1.3984
v  -0.0703 0.0061 1.4137
v  -0.0513 0.0313 1.4259
v  -0.0599 0.0199 1.4249
v  -0.0751 0.0053 1.3993
v  -0.0738 -0.0097 1.4167
v  -0.0722 0.0200 1.3806
v  -0.0745 0.0171 1.3590
v  -0.0815 0.0019 1.3797
v  -0.0787 -0.0106 1.4012
v  -0.0748 -0.0230 1.4193
v  -0.0645 0.0064 1.4259
v  -0.0676 -0.0085 1.4278
v  -0.0815 -0.0254 1.4040
v  -0.0804 -0.0378 1.4071
v  -0.0857 -0.0292 1.3871
v  -0.0846 -0.0148 1.3825
v  -0.0886 -0.0369 1.3683
v  -0.0899 -0.0219 1.3624
v  -0.0901 -0.0316 1.3455
v  -0.0862 -0.0052 1.3537
v  -0.0849 -0.0414 1.3900
v  -0.0801 -0.0473 1.4079
v  -0.0753 -0.0346 1.4227
v  -0.0698 -0.0325 1.4350
v  -0.0703 -0.0372 1.4354
v  -0.0717 -0.0403 1.4326
v  -0.0748 -0.0426 1.4253
v  -0.0882 -0.0452 1.3549
v  -0.0844 -0.0571 1.3341
v  -0.0854 -0.0472 1.3808
v  -0.0835 -0.0543 1.3684
v  -0.0874 -0.0399 1.3259
v  -0.0750 -0.0609 1.3149
v  -0.0735 -0.0720 1.3201
v  -0.0814 -0.0681 1.3458
v  -0.0617 -0.0659 1.2992
v  -0.0579 -0.0784 1.3078
v  -0.0642 -0.0497 1.2933
v  -0.0436 -0.0698 1.2876
v  -0.0403 -0.0832 1.2954
v  -0.0230 -0.0728 1.2796
v  -0.0238 -0.0565 1.2727
v  -0.0698 -0.0800 1.3315
v  -0.0544 -0.0889 1.3151
v  -0.0220 -0.0856 1.2876
v  -0.0379 -0.0935 1.3046
v  0.0000 -0.0745 1.2768
v  0.0001 -0.0867 1.2838
v  0.0234 -0.0730 1.2793
v  0.0002 -0.0575 1.2698
v  0.0240 -0.0564 1.2729
v  0.0000 -0.0391 1.2653
v  0.0241 -0.0385 1.2682
v  0.0001 -0.0196 1.2656
v  0.0457 -0.0536 1.2813
v  0.0469 -0.0363 1.2758
v  0.0653 -0.0324 1.2893
v  0.0454 -0.0171 1.2754
v  0.0237 -0.0196 1.2681
v  -0.0207 -0.0961 1.2971
v  0.0221 -0.0856 1.2876
v  0.0439 -0.0698 1.2876
v  0.0406 -0.0832 1.2954
v  0.0618 -0.0659 1.2995
v  0.0585 -0.0789 1.3063
v  0.0754 -0.0610 1.3149
v  0.0739 -0.0720 1.3201
v  0.0844 -0.0564 1.3364
v  0.0788 -0.0451 1.3091
v  0.0647 -0.0500 1.2934
v  0.0214 -0.0014 1.2726
v  0.0411 0.0005 1.2793
v  0.0569 0.0042 1.2910
v  0.0193 0.0134 1.2782
v  0.0358 0.0145 1.2837
v  0.0183 0.0252 1.2848
v  0.0487 0.0188 1.2938
v  0.0366 0.0290 1.2958
v  0.0308 0.0230 1.2877
v  0.0417 0.0369 1.3097
v  0.0575 0.0238 1.3093
v  0.0220 0.0445 1.3093
v  0.0685 0.0083 1.3071
v  0.0617 -0.0137 1.2895
v  0.0436 0.0452 1.3323
v  0.0607 0.0309 1.3343
v  0.0228 0.0546 1.3328
v  0.0760 0.0146 1.3328
v  0.0753 -0.0097 1.3055
v  0.0000 0.0489 1.3083
v  -0.0220 0.0455 1.3089
v  -0.0000 0.0383 1.2939
v  0.0198 0.0357 1.2947
v  0.0436 0.0490 1.3599
v  0.0620 0.0350 1.3584
v  0.0756 0.0173 1.3592
v  0.0728 0.0197 1.3805
v  0.0867 -0.0053 1.3539
v  0.0812 0.0017 1.3797
v  0.0687 0.0207 1.3985
v  0.0754 0.0052 1.3993
v  0.0582 0.0361 1.3995
v  0.0556 0.0345 1.4150
v  0.0652 0.0204 1.4132
v  0.0710 0.0059 1.4138
v  0.0411 0.0487 1.4011
v  0.0612 0.0368 1.3813
v  0.0428 0.0501 1.3828
v  0.0223 0.0607 1.3847
v  0.0799 -0.0106 1.4013
v  0.0747 -0.0097 1.4167
v  0.0857 -0.0149 1.3825
v  0.0828 -0.0257 1.4032
v  0.0760 -0.0230 1.4193
v  0.0766 -0.0351 1.4236
v  0.0703 -0.0208 1.4311
v  0.0686 -0.0085 1.4278
v  0.0652 0.0064 1.4259
v  0.0604 0.0198 1.4249
v  0.0871 -0.0296 1.3857
v  0.0822 -0.0393 1.4063
v  0.0897 -0.0221 1.3625
v  0.0898 -0.0372 1.3672
v  0.0894 -0.0457 1.3532
v  0.0900 -0.0317 1.3457
v  0.0890 -0.0200 1.3408
v  0.0865 -0.0400 1.3263
v  0.0860 -0.0239 1.3226
v  0.0826 -0.0071 1.3243
v  0.0784 -0.0278 1.3057
v  0.0853 -0.0553 1.3655
v  0.0871 -0.0478 1.3791
v  0.0825 -0.0685 1.3444
v  0.0703 -0.0798 1.3321
v  0.0546 -0.0885 1.3162
v  0.0381 -0.0935 1.3046
v  0.0209 -0.0961 1.2971
v  0.0001 -0.0974 1.2934
v  0.0862 -0.0416 1.3896
v  0.0857 -0.0502 1.3939
v  0.0821 -0.0471 1.4073
v  0.0767 -0.0426 1.4253
v  0.0721 -0.0372 1.4354
v  0.0715 -0.0325 1.4350
v  0.0735 -0.0403 1.4326
v  0.0867 -0.0501 1.3886
v  0.0394 0.0451 1.4174
v  0.0382 0.0398 1.4292
v  0.0183 0.0456 1.4334
v  0.0516 0.0311 1.4259
v  -0.0434 0.0456 1.3322
v  -0.0618 0.0362 1.3580
v  -0.0611 0.0324 1.3336
v  -0.0411 0.0375 1.3097
v  -0.0198 0.0363 1.2945
v  -0.0575 0.0243 1.3090
v  -0.0365 0.0301 1.2955
v  -0.0314 0.0246 1.2865
v  -0.0485 0.0191 1.2938
v  -0.0570 0.0043 1.2906
v  -0.0680 0.0080 1.3069
v  -0.0359 0.0151 1.2834
v  -0.0194 0.0139 1.2780
v  -0.0215 -0.0011 1.2722
v  -0.0000 -0.0016 1.2700
v  -0.0411 0.0007 1.2790
v  -0.0234 -0.0196 1.2685
v  -0.0000 0.0138 1.2760
v  -0.0186 0.0262 1.2843
v  -0.0001 0.0265 1.2835
v  -0.0240 -0.0385 1.2682
v  -0.0447 -0.0172 1.2763
v  -0.0461 -0.0538 1.2804
v  -0.0627 -0.0135 1.2887
v  -0.0465 -0.0361 1.2761
v  -0.0654 -0.0323 1.2888
v  -0.0787 -0.0276 1.3052
v  -0.0780 -0.0448 1.3092
v  -0.0864 -0.0237 1.3221
v  -0.0762 -0.0095 1.3047
v  -0.0893 -0.0198 1.3405
v  -0.0836 -0.0061 1.3254
v  -0.0732 0.0141 1.3330
v  0.0001 0.0443 1.4340
v  0.0176 0.0429 1.4329
v  -0.0173 0.0429 1.4329
v  -0.0380 0.0403 1.4291
v  0.0368 0.0371 1.4292
v  -0.0366 0.0376 1.4291
v  0.0497 0.0288 1.4258
v  -0.0494 0.0289 1.4258
v  0.0571 0.0192 1.4246
v  -0.0566 0.0192 1.4246
v  0.0620 0.0056 1.4254
v  -0.0613 0.0057 1.4254
v  0.0649 -0.0090 1.4270
v  -0.0639 -0.0090 1.4269
v  -0.0689 -0.0208 1.4311
v  0.0666 -0.0207 1.4300
v  -0.0653 -0.0207 1.4300
v  0.0682 -0.0322 1.4342
v  -0.0666 -0.0322 1.4342
v  0.0689 -0.0371 1.4347
v  -0.0671 -0.0370 1.4347
v  0.0700 -0.0403 1.4317
v  -0.0682 -0.0403 1.4317
v  0.0726 -0.0429 1.4243
v  -0.0709 -0.0429 1.4242
v  0.0780 -0.0475 1.4066
v  -0.0764 -0.0472 1.4064
v  -0.0833 -0.0496 1.3964
v  0.0808 -0.0496 1.3958
v  -0.0796 -0.0494 1.3952
v  -0.0846 -0.0493 1.3896
v  0.0822 -0.0493 1.3906
v  -0.0813 -0.0495 1.3896
v  0.0802 -0.0475 1.3793
v  -0.0785 -0.0468 1.3817
v  0.0801 -0.0542 1.3675
v  -0.0783 -0.0532 1.3706
v  0.0778 -0.0678 1.3461
v  -0.0765 -0.0669 1.3485
v  0.0670 -0.0785 1.3335
v  -0.0665 -0.0787 1.3329
v  0.0513 -0.0867 1.3195
v  -0.0512 -0.0874 1.3177
v  0.0354 -0.0914 1.3077
v  -0.0351 -0.0914 1.3077
v  0.0188 -0.0945 1.3005
v  -0.0186 -0.0945 1.3005
v  0.0001 -0.0957 1.2976
# 348 vertices

vn 0.0349 -0.8735 0.4856
vn 0.1211 -0.8891 0.4413
vn 0.0427 -0.8656 0.4988
vn 0.1367 -0.8891 0.4367
vn 0.1759 -0.8970 0.4056
vn 0.1524 -0.9126 0.3793
vn -0.0042 -0.8656 0.5006
vn 0.0114 -0.8891 0.4575
vn -0.0042 -0.8500 0.5268
vn 0.0114 -0.8656 0.5005
vn 0.0114 -0.8735 0.4867
vn -0.0199 -0.8343 0.5509
vn -0.0199 -0.9205 0.3903
vn 0.0036 -0.8970 0.4421
vn 0.0114 -0.9440 0.3299
vn -0.0904 -0.9440 0.3175
vn -0.1060 -0.9440 0.3126
vn -0.1217 -0.9440 0.3068
vn -0.0825 -0.9440 0.3196
vn -0.0356 -0.9361 0.3499
vn 0.0506 -0.9205 0.3875
vn 0.0897 -0.9361 0.3400
vn 0.1211 -0.9440 0.3071
vn 0.1446 -0.9596 0.2413
vn 0.1289 -0.9753 0.1795
vn 0.1211 -0.9831 0.1373
vn 0.0976 -0.9831 0.1548
vn 0.1289 -0.9831 0.1299
vn 0.1524 -0.9753 0.1600
vn -0.0982 -0.4663 -0.8792
vn -0.3253 -0.4506 -0.8313
vn -0.4036 -0.4349 -0.8049
vn -0.4819 -0.4193 -0.7694
vn -0.1295 -0.4663 -0.8751
vn 0.1759 -0.4506 -0.8752
vn 0.1994 -0.4506 -0.8702
vn 0.3403 -0.4271 -0.8377
vn -0.4976 -0.4114 -0.7636
vn 0.3717 -0.4114 -0.8322
vn 0.3325 -0.4114 -0.8486
vn 0.2620 -0.4193 -0.8692
vn 0.0897 -0.4428 -0.8921
vn -0.0121 -0.4584 -0.8886
vn -0.2392 -0.4349 -0.8681
vn -0.3488 -0.4193 -0.8382
vn -0.5602 -0.3566 -0.7476
vn -0.6385 -0.3331 -0.6937
vn -0.7873 -0.2470 -0.5649
vn -0.8343 -0.2470 -0.4928
vn -0.9048 -0.2078 -0.3717
vn -0.9205 -0.2235 -0.3206
vn -0.9674 -0.1452 -0.2073
vn -0.9831 -0.0591 -0.1732
vn -0.9909 -0.0356 -0.1295
vn -0.9909 -0.0434 -0.1271
vn -0.9909 -0.0747 -0.1116
vn -0.9831 -0.1530 -0.1004
vn -0.9831 -0.1609 -0.0873
vn -0.9674 -0.2392 -0.0827
vn -0.0904 0.9042 -0.4175
vn -0.0669 0.9120 -0.4047
vn -0.0825 0.8963 -0.4356
vn -0.0982 0.9042 -0.4158
vn -0.0982 0.8963 -0.4324
vn 0.0193 0.8885 -0.4585
vn -0.0356 0.9277 -0.3718
vn -0.0669 0.7867 -0.6137
vn -0.1139 0.7554 -0.6453
vn -0.1295 0.8102 -0.5717
vn 0.0193 0.8102 -0.5859
vn 0.0036 0.8180 -0.5752
vn 0.0036 0.8024 -0.5968
vn 0.0036 0.8493 -0.5278
vn 0.0036 0.8728 -0.4880
vn 0.0271 0.8572 -0.5143
vn 0.0506 0.8650 -0.4992
vn 0.0584 0.8807 -0.4701
vn 0.0584 0.8963 -0.4395
vn 0.0427 0.9198 -0.3900
vn -0.0042 0.9198 -0.3923
vn -0.0591 0.9277 -0.3688
vn -0.0825 0.9355 -0.3436
vn -0.0669 0.9511 -0.3014
vn -0.0121 0.9668 -0.2552
vn 0.0114 0.9825 -0.1861
vn 0.0427 0.9903 -0.1322
vn 0.0114 0.9903 -0.1385
vn -0.0042 0.9903 -0.1389
vn -0.0512 0.9903 -0.1292
vn 0.8415 -0.2235 -0.4918
vn 0.8650 -0.2000 -0.4602
vn 0.8258 -0.2392 -0.5107
vn 0.4656 0.4265 0.7754
vn 0.4108 0.4343 0.8016
vn 0.3325 0.4500 0.8288
vn 0.2072 0.4656 0.8604
vn 0.4891 0.4265 0.7608
vn 0.0897 0.4656 0.8804
vn -0.1295 0.4578 0.8796
vn -0.1295 0.4421 0.8875
vn -0.2548 0.4421 0.8600
vn -0.3018 0.4578 0.8363
vn 0.0271 0.9042 -0.4263
vn 0.0036 0.8963 -0.4434
vn 0.0584 0.9120 -0.4060
vn 0.0976 0.9277 -0.3605
vn 0.0897 0.9355 -0.3418
vn 0.0662 0.9668 -0.2468
vn 0.0193 0.9825 -0.1854
vn 0.0036 0.9903 -0.1389
vn 0.0349 0.9903 -0.1345
vn 0.1054 0.9903 -0.0906
vn 0.1211 0.9825 -0.1418
vn 0.1759 0.9746 -0.1384
vn 0.7006 -0.2940 -0.6502
vn 0.6927 -0.2940 -0.6586
vn 0.6849 -0.2940 -0.6667
vn 0.7319 -0.2940 -0.6148
vn 0.8102 -0.2783 -0.5159
vn 0.9198 -0.2078 -0.3328
vn 0.9198 -0.2157 -0.3277
vn 0.9746 -0.1295 -0.1825
vn 0.9825 -0.0825 -0.1672
vn 0.9903 -0.0434 -0.1320
vn 0.9903 -0.0512 -0.1292
vn 0.9903 -0.0747 -0.1172
vn 0.9903 -0.1374 -0.0210
vn 0.9871 -0.1603 0.0000
vn 0.9746 -0.2078 0.0830
vn -0.0434 -0.9048 0.4236
vn -0.0512 -0.8970 0.4391
vn -0.0434 -0.9126 0.4065
vn -0.0512 -0.9126 0.4056
vn -0.1060 -0.9205 0.3762
vn -0.1217 -0.9361 0.3299
vn -0.1060 -0.9674 0.2298
vn -0.0669 -0.9831 0.1704
vn -0.0669 -0.9909 0.1165
vn -0.0747 -0.9909 0.1116
vn -0.0825 -0.9909 0.1059
vn -0.1060 -0.9831 0.1492
vn -0.0512 -0.3488 0.9358
vn -0.2313 -0.5054 0.8313
vn 0.0114 -0.5602 0.8283
vn -0.2313 -0.6385 0.7340
vn -0.4663 -0.4663 0.7518
vn -0.2783 -0.3410 0.8979
vn 0.2620 -0.3488 0.8998
vn 0.2777 -0.5289 0.8020
vn 0.0271 -0.2313 0.9725
vn -0.2548 -0.2235 0.9408
vn -0.4663 -0.2862 0.8371
vn 0.0506 -0.6620 0.7478
vn -0.7090 -0.2783 0.6479
vn -0.6777 -0.4428 0.5871
vn -0.8265 -0.3801 0.4152
vn -0.5054 -0.1843 0.8430
vn -0.3018 -0.0904 0.9491
vn -0.0669 -0.0904 0.9937
vn 0.2777 -0.0591 0.9589
vn -0.0042 0.1132 0.9936
vn -0.2783 0.0741 0.9576
vn -0.4976 -0.0591 0.8654
vn -0.7482 -0.1609 0.6437
vn -0.8656 -0.2627 0.4262
vn -0.8891 -0.3801 0.2548
vn -0.7090 -0.4741 0.5220
vn -0.8343 -0.4428 0.3284
vn -0.9126 -0.2940 0.2840
vn -0.9048 -0.3958 0.1571
vn -0.8656 -0.1843 0.4655
vn -0.8578 -0.0434 0.5121
vn -0.9283 -0.2000 0.3135
vn -0.9361 -0.3018 0.1805
vn -0.9126 -0.3958 0.1023
vn -0.8656 -0.4584 0.2012
vn -0.8735 -0.4663 0.1401
vn -0.9440 -0.3175 0.0903
vn -0.9561 -0.2929 0.0000
vn -0.9753 -0.2157 0.0481
vn -0.9674 -0.2313 0.1026
vn -0.9909 -0.1060 -0.0824
vn -0.9909 -0.1217 0.0568
vn -0.9988 0.0427 -0.0250
vn -0.9518 -0.0121 0.3065
vn -0.9829 -0.1843 0.0000
vn -0.9596 -0.2705 -0.0773
vn -0.9283 -0.3645 0.0737
vn -0.9048 -0.4114 0.1098
vn -0.9187 -0.3950 0.0000
vn -0.9205 -0.3880 0.0473
vn -0.9440 -0.3253 -0.0559
vn -0.9674 0.0036 -0.2530
vn -0.9440 0.1837 -0.2742
vn -0.9753 -0.0669 -0.2106
vn -0.9440 -0.0042 -0.3300
vn -0.9361 0.3325 -0.1145
vn -0.8265 0.5126 -0.2327
vn -0.7795 0.4421 -0.4437
vn -0.8970 0.1680 -0.4089
vn -0.6620 0.6692 -0.3374
vn -0.6151 0.6066 -0.5038
vn -0.6855 0.7084 -0.1680
vn -0.4819 0.8102 -0.3337
vn -0.4741 0.7475 -0.4652
vn -0.2627 0.9120 -0.3151
vn -0.2392 0.9511 -0.1953
vn -0.7169 0.4030 -0.5690
vn -0.2705 0.8415 -0.4677
vn -0.4271 0.7162 -0.5519
vn -0.0121 0.9511 -0.3085
vn -0.0121 0.8885 -0.4587
vn 0.2698 0.9120 -0.3090
vn 0.2464 0.9511 -0.1861
vn -0.0434 0.9981 0.0431
vn 0.1914 0.9815 0.0000
vn 0.0349 0.9590 0.2813
vn 0.4891 0.8493 -0.1985
vn 0.4330 0.9014 0.0000
vn 0.6927 0.7162 0.0847
vn 0.4735 0.8258 0.3063
vn 0.2307 0.9355 0.2677
vn -0.2392 0.8024 -0.5468
vn 0.2777 0.8337 -0.4774
vn 0.4656 0.8180 -0.3377
vn 0.4578 0.7475 -0.4813
vn 0.6379 0.7006 -0.3199
vn 0.6222 0.6301 -0.4646
vn 0.8102 0.5126 -0.2843
vn 0.7789 0.4186 -0.4670
vn 0.9120 0.3012 -0.2785
vn 0.8493 0.5048 -0.1543
vn 0.6614 0.7319 -0.1641
vn 0.1837 0.8728 0.4521
vn 0.3638 0.7945 0.4862
vn 0.5831 0.6614 0.4718
vn 0.1837 0.8024 0.5679
vn 0.3638 0.7084 0.6048
vn 0.2150 0.6771 0.7038
vn 0.5283 0.5283 0.6647
vn 0.3560 0.5283 0.7708
vn 0.3247 0.6379 0.6983
vn 0.4421 0.3247 0.8361
vn 0.6457 0.2777 0.7113
vn 0.2777 0.3403 0.8984
vn 0.7397 0.4500 0.5004
vn 0.6849 0.6536 0.3221
vn 0.5283 0.0976 0.8435
vn 0.6536 0.0819 0.7524
vn 0.2855 0.1602 0.9449
vn 0.8258 0.1367 0.5471
vn 0.8180 0.4735 0.3266
vn 0.0662 0.3403 0.9380
vn -0.2392 0.3012 0.9231
vn -0.0199 0.5361 0.8439
vn 0.1994 0.5204 0.8303
vn 0.5361 -0.0591 0.8421
vn 0.7084 -0.0512 0.7040
vn 0.8493 -0.0904 0.5201
vn 0.8572 -0.1765 0.4838
vn 0.9433 -0.0591 0.3266
vn 0.9198 -0.2157 0.3277
vn 0.8572 -0.2627 0.4430
vn 0.9120 -0.2783 0.3014
vn 0.7397 -0.2627 0.6196
vn 0.7084 -0.3958 0.5844
vn 0.8572 -0.3645 0.3639
vn 0.8885 -0.3880 0.2451
vn 0.5126 -0.3175 0.7978
vn 0.6927 -0.1765 0.6993
vn 0.5204 -0.1843 0.8338
vn 0.3168 -0.2000 0.9272
vn 0.9277 -0.3018 0.2199
vn 0.8963 -0.4036 0.1836
vn 0.9590 -0.2157 0.1840
vn 0.9511 -0.3018 0.0651
vn 0.9120 -0.4036 0.0733
vn 0.9277 -0.3566 0.1108
vn 0.8885 -0.4349 0.1463
vn 0.8650 -0.4663 0.1854
vn 0.8650 -0.4349 0.2502
vn 0.8024 -0.4584 0.3822
vn 0.9825 -0.1765 0.0600
vn 0.9650 -0.2622 0.0000
vn 0.9978 -0.0669 0.0000
vn 0.9903 -0.0669 -0.1218
vn 0.9825 0.0584 -0.1771
vn 0.9967 0.0818 0.0000
vn 0.9825 0.1054 0.1538
vn 0.9668 0.2385 -0.0916
vn 0.9433 0.3090 0.1212
vn 0.9198 0.2385 0.3115
vn 0.8650 0.4813 0.1419
vn 0.9590 -0.0277 -0.2821
vn 0.9903 -0.1139 0.0796
vn 0.9277 0.2150 -0.3053
vn 0.7945 0.3403 -0.5029
vn 0.6144 0.4813 -0.6252
vn 0.4813 0.6614 -0.5753
vn 0.3090 0.7789 -0.5458
vn 0.0506 0.8337 -0.5499
vn 0.9668 -0.2078 0.1486
vn 0.9590 -0.2783 -0.0539
vn 0.9355 -0.3488 0.0567
vn 0.9198 -0.3801 0.0972
vn 0.9120 -0.3958 0.1078
vn 0.9277 -0.3723 0.0294
vn 0.8337 -0.2392 0.4978
vn 0.4891 -0.4663 0.7371
vn 0.4343 -0.5524 0.7115
vn 0.2229 -0.6151 0.7563
vn 0.6144 -0.5133 0.5992
vn -0.4898 0.1132 0.8645
vn -0.7090 -0.0356 0.7043
vn -0.7247 0.1289 0.6769
vn -0.4584 0.3090 0.8333
vn -0.2313 0.4813 0.8455
vn -0.6307 0.3717 0.6812
vn -0.4349 0.4578 0.7754
vn -0.3253 0.6536 0.6834
vn -0.5211 0.5909 0.6159
vn -0.6307 0.5909 0.5030
vn -0.7717 0.3168 0.5515
vn -0.3566 0.7632 0.5388
vn -0.1687 0.8258 0.5381
vn -0.2078 0.8650 0.4567
vn -0.0277 0.8963 0.4425
vn -0.4193 0.7945 0.4392
vn -0.2000 0.9355 0.2913
vn 0.0193 0.8258 0.5636
vn -0.1139 0.7006 0.7045
vn 0.0584 0.7084 0.7034
vn -0.2705 0.9590 0.0849
vn -0.4193 0.8728 0.2497
vn -0.4506 0.8807 -0.1462
vn -0.6307 0.7240 0.2792
vn -0.4976 0.8650 0.0646
vn -0.6836 0.7298 0.0000
vn -0.8341 0.5516 0.0000
vn -0.8265 0.5439 -0.1451
vn -0.9596 0.2385 0.1491
vn -0.8108 0.4735 0.3441
vn -0.9831 0.0662 0.1706
vn -0.8970 0.1524 0.4150
vn -0.8265 0.1054 0.5530
vn -0.0825 -0.9126 -0.4004
vn -0.0277 -0.8970 -0.4412
vn 0.0193 -0.8970 -0.4417
vn 0.0741 -0.9126 -0.4020
vn -0.1217 -0.9440 -0.3068
vn -0.1687 -0.9440 -0.2837
vn 0.1289 -0.9361 -0.3272
vn 0.1680 -0.9440 -0.2841
vn -0.1687 -0.9518 -0.2562
vn -0.1217 -0.9596 -0.2536
vn 0.1759 -0.9518 -0.2513
vn 0.1289 -0.9596 -0.2500
vn -0.0434 -0.9596 -0.2779
vn 0.0506 -0.9753 -0.2151
vn 0.0349 -0.9596 -0.2791
vn -0.0434 -0.9753 -0.2167
vn 0.1132 -0.9753 -0.1898
vn 0.1524 -0.9831 -0.1014
vn -0.1139 -0.9753 -0.1894
vn -0.1530 -0.9831 -0.1004
vn 0.1915 -0.9753 -0.1102
vn 0.2228 -0.9749 0.0000
vn -0.1922 -0.9753 -0.1091
vn -0.2157 -0.9753 -0.0481
vn 0.2541 -0.9672 0.0000
vn 0.2698 -0.9596 0.0795
vn -0.2547 -0.9670 0.0000
vn -0.2705 -0.9596 0.0773
vn 0.2620 -0.9596 0.1024
vn 0.2464 -0.9674 0.0579
vn -0.2548 -0.9596 0.1192
vn -0.2392 -0.9674 0.0827
vn 0.2307 -0.9048 -0.3579
vn -0.2235 -0.9126 -0.3423
vn 0.2072 -0.7638 -0.6112
vn 0.1446 -0.4349 -0.8888
vn -0.2000 -0.7638 -0.6136
vn -0.1374 -0.4428 -0.8860
vn 0.0897 -0.2940 -0.9516
vn 0.0349 -0.1295 -0.9910
vn -0.0825 -0.2940 -0.9522
vn -0.0277 -0.1295 -0.9912
vn 0.0506 -0.1060 -0.9931
vn 0.0741 -0.0512 -0.9959
vn 0.0036 -0.1139 -0.9935
vn 0.0193 -0.0825 -0.9964
vn 0.1054 -0.0199 -0.9942
vn 0.0819 0.0662 -0.9944
vn 0.0193 -0.0669 -0.9976
vn -0.0434 0.0506 -0.9978
vn 0.0271 0.1132 -0.9932
vn -0.0277 0.2385 -0.9707
vn -0.1217 0.1367 -0.9831
vn -0.1843 0.2464 -0.9515
vn -0.0042 0.3168 -0.9485
vn 0.0114 0.1680 -0.9857
vn -0.1452 0.2855 -0.9473
vn -0.0982 0.1054 -0.9896
vn 0.0271 -0.0982 -0.9948
vn -0.0121 -0.3645 -0.9311
vn -0.0199 -0.1060 -0.9942
vn 0.0036 -0.3645 -0.9312
vn -0.0434 -0.3723 -0.9271
vn -0.0825 -0.3958 -0.9146
vn 0.0271 -0.3723 -0.9277
vn 0.0506 -0.4193 -0.9064
vn -0.0591 -0.4349 -0.8985
vn -0.0042 -0.4428 -0.8966
vn 0.0506 -0.4663 -0.8832
vn 0.0114 -0.4819 -0.8761
vn 0.0427 -0.4114 -0.9104
vn 0.0427 -0.3566 -0.9333
vn -0.0199 -0.4349 -0.9002
vn -0.0356 -0.3488 -0.9365
vn 0.0506 -0.3488 -0.9358
vn 0.0819 -0.3488 -0.9336
vn -0.0434 -0.3253 -0.9446
vn -0.0747 -0.3410 -0.9371
vn 0.0662 -0.3331 -0.9405
vn 0.0349 -0.3018 -0.9527
vn -0.0669 -0.3331 -0.9405
vn -0.0356 -0.3018 -0.9527
vn 0.0036 -0.2470 -0.9690
vn 0.0036 -0.2313 -0.9729
vn -0.0121 -0.2470 -0.9689
vn -0.0042 -0.2392 -0.9710
vn -0.4976 -0.5446 0.6752
vn -0.9909 -0.1295 -0.0355
vn -0.9747 -0.2234 0.0000
vn -0.8891 -0.4271 0.1643
# 435 vertex normals

vt 0.9638 0.4756 0.0000
vt 0.9713 0.4859 0.0000
vt 0.9704 0.4756 0.0000
vt 0.9647 0.4859 0.0000
vt 0.9638 0.4991 0.0000
vt 0.9713 0.5000 0.0000
vt 0.9695 0.4661 0.0000
vt 0.9629 0.4652 0.0000
vt 0.9619 0.4492 0.0000
vt 0.9695 0.4539 0.0000
vt 0.9751 0.4417 0.0000
vt 0.9732 0.4135 0.0000
vt 0.9610 0.4144 0.0000
vt 0.9619 0.3796 0.0000
vt 0.9779 0.4492 0.0000
vt 0.9704 0.3777 0.0000
vt 0.9676 0.3429 0.0000
vt 0.9582 0.3438 0.0000
vt 0.9676 0.3081 0.0000
vt 0.9591 0.3062 0.0000
vt 0.9657 0.2554 0.0000
vt 0.9572 0.2564 0.0000
vt 0.9647 0.2093 0.0000
vt 0.9572 0.2093 0.0000
vt 0.9657 0.1529 0.0000
vt 0.9563 0.1538 0.0000
vt 0.9647 0.1087 0.0000
vt 0.9563 0.1096 0.0000
vt 0.9647 0.0635 0.0000
vt 0.9563 0.0635 0.0000
vt 0.9647 0.0230 0.0000
vt 0.9563 0.0230 0.0000
vt 0.9168 0.4906 0.0000
vt 0.9158 0.5019 0.0000
vt 0.9168 0.4793 0.0000
vt 0.9168 0.4690 0.0000
vt 0.9158 0.4502 0.0000
vt 0.9168 0.4182 0.0000
vt 0.9158 0.3787 0.0000
vt 0.9130 0.3438 0.0000
vt 0.9111 0.3100 0.0000
vt 0.9102 0.2658 0.0000
vt 0.9074 0.2112 0.0000
vt 0.9064 0.1877 0.0000
vt 0.9064 0.1576 0.0000
vt 0.9045 0.1105 0.0000
vt 0.9064 0.0644 0.0000
vt 0.9064 0.0240 0.0000
vt 0.9092 0.4925 0.0000
vt 0.9102 0.4812 0.0000
vt 0.9092 0.5010 0.0000
vt 0.9092 0.4699 0.0000
vt 0.9083 0.4511 0.0000
vt 0.8989 0.4492 0.0000
vt 0.9027 0.4332 0.0000
vt 0.9045 0.4172 0.0000
vt 0.9074 0.3777 0.0000
vt 0.9045 0.3438 0.0000
vt 0.9036 0.3100 0.0000
vt 0.9027 0.2658 0.0000
vt 0.8998 0.2121 0.0000
vt 0.8989 0.1867 0.0000
vt 0.8989 0.1576 0.0000
vt 0.8980 0.1105 0.0000
vt 0.8980 0.0644 0.0000
vt 0.8970 0.0240 0.0000
vt 0.9638 0.5085 0.0000
vt 0.9158 0.5094 0.0000
vt 0.8472 0.0898 0.0000
vt 0.8011 0.0983 0.0000
vt 0.8472 0.1040 0.0000
vt 0.8001 0.1124 0.0000
vt 0.8020 0.0898 0.0000
vt 0.8462 0.1152 0.0000
vt 0.8011 0.1265 0.0000
vt 0.8462 0.1284 0.0000
vt 0.8453 0.1435 0.0000
vt 0.7992 0.1472 0.0000
vt 0.8556 0.3834 0.0000
vt 0.8453 0.4172 0.0000
vt 0.8556 0.4163 0.0000
vt 0.8462 0.3843 0.0000
vt 0.8547 0.3485 0.0000
vt 0.8462 0.3495 0.0000
vt 0.8547 0.3025 0.0000
vt 0.8472 0.3015 0.0000
vt 0.8528 0.2488 0.0000
vt 0.8443 0.2479 0.0000
vt 0.8490 0.1999 0.0000
vt 0.8396 0.2008 0.0000
vt 0.8453 0.1510 0.0000
vt 0.8349 0.1538 0.0000
vt 0.8537 0.4379 0.0000
vt 0.8434 0.4389 0.0000
vt 0.7954 0.4285 0.0000
vt 0.7954 0.4153 0.0000
vt 0.7973 0.3824 0.0000
vt 0.7992 0.3438 0.0000
vt 0.7964 0.2968 0.0000
vt 0.7926 0.2469 0.0000
vt 0.7879 0.2018 0.0000
vt 0.7841 0.1576 0.0000
vt 0.7841 0.4295 0.0000
vt 0.7860 0.4135 0.0000
vt 0.7898 0.3824 0.0000
vt 0.7888 0.3448 0.0000
vt 0.7860 0.2968 0.0000
vt 0.7832 0.2479 0.0000
vt 0.7766 0.2027 0.0000
vt 0.3834 0.4379 0.0000
vt 0.3523 0.4633 0.0000
vt 0.3834 0.4633 0.0000
vt 0.3533 0.4887 0.0000
vt 0.3184 0.4605 0.0000
vt 0.3523 0.4351 0.0000
vt 0.4135 0.4351 0.0000
vt 0.4125 0.4643 0.0000
vt 0.3834 0.4069 0.0000
vt 0.3542 0.4050 0.0000
vt 0.3194 0.4304 0.0000
vt 0.3834 0.4897 0.0000
vt 0.2846 0.4257 0.0000
vt 0.2818 0.4567 0.0000
vt 0.2422 0.4502 0.0000
vt 0.3222 0.3993 0.0000
vt 0.3561 0.3758 0.0000
vt 0.3843 0.3787 0.0000
vt 0.4125 0.3768 0.0000
vt 0.3852 0.3495 0.0000
vt 0.3589 0.3467 0.0000
vt 0.3269 0.3683 0.0000
vt 0.2893 0.3899 0.0000
vt 0.2460 0.4200 0.0000
vt 0.2018 0.4407 0.0000
vt 0.2808 0.4840 0.0000
vt 0.2413 0.4812 0.0000
vt 0.2093 0.4041 0.0000
vt 0.1548 0.4332 0.0000
vt 0.2545 0.3777 0.0000
vt 0.2676 0.3401 0.0000
vt 0.2178 0.3598 0.0000
vt 0.1679 0.3890 0.0000
vt 0.1115 0.4257 0.0000
vt 0.1971 0.4765 0.0000
vt 0.1500 0.4690 0.0000
vt 0.1237 0.3730 0.0000
vt 0.0804 0.3608 0.0000
vt 0.1397 0.3288 0.0000
vt 0.1792 0.3457 0.0000
vt 0.1548 0.2836 0.0000
vt 0.1914 0.3034 0.0000
vt 0.1999 0.2676 0.0000
vt 0.2328 0.3137 0.0000
vt 0.1040 0.3072 0.0000
vt 0.0447 0.3429 0.0000
vt 0.0673 0.4229 0.0000
vt 0.0644 0.4727 0.0000
vt 0.0484 0.4727 0.0000
vt 0.0381 0.4586 0.0000
vt 0.0325 0.4238 0.0000
vt 0.1642 0.2498 0.0000
vt 0.1830 0.2074 0.0000
vt 0.1105 0.2733 0.0000
vt 0.1209 0.2422 0.0000
vt 0.2178 0.2357 0.0000
vt 0.2244 0.1764 0.0000
vt 0.2065 0.1519 0.0000
vt 0.1444 0.1896 0.0000
vt 0.2639 0.1510 0.0000
vt 0.2451 0.1181 0.0000
vt 0.2799 0.1839 0.0000
vt 0.3043 0.1312 0.0000
vt 0.2921 0.0936 0.0000
vt 0.3467 0.1181 0.0000
vt 0.3523 0.1557 0.0000
vt 0.1764 0.1312 0.0000
vt 0.2215 0.0861 0.0000
vt 0.3391 0.0804 0.0000
vt 0.2733 0.0560 0.0000
vt 0.3918 0.1115 0.0000
vt 0.3928 0.0738 0.0000
vt 0.4370 0.1199 0.0000
vt 0.3909 0.1519 0.0000
vt 0.4295 0.1566 0.0000
vt 0.3899 0.1858 0.0000
vt 0.4229 0.1896 0.0000
vt 0.3890 0.2159 0.0000
vt 0.4661 0.1698 0.0000
vt 0.4549 0.1999 0.0000
vt 0.4850 0.2178 0.0000
vt 0.4445 0.2291 0.0000
vt 0.4182 0.2187 0.0000
vt 0.3288 0.0381 0.0000
vt 0.4454 0.0823 0.0000
vt 0.4793 0.1341 0.0000
vt 0.4925 0.0964 0.0000
vt 0.5198 0.1557 0.0000
vt 0.5395 0.1228 0.0000
vt 0.5583 0.1830 0.0000
vt 0.5790 0.1585 0.0000
vt 0.6007 0.2178 0.0000
vt 0.5339 0.2140 0.0000
vt 0.5019 0.1886 0.0000
vt 0.4125 0.2451 0.0000
vt 0.4351 0.2535 0.0000
vt 0.4549 0.2686 0.0000
vt 0.4078 0.2658 0.0000
vt 0.4257 0.2723 0.0000
vt 0.4059 0.2827 0.0000
vt 0.4407 0.2865 0.0000
vt 0.4257 0.2968 0.0000
vt 0.4191 0.2836 0.0000
vt 0.4313 0.3175 0.0000
vt 0.4530 0.3072 0.0000
vt 0.4097 0.3222 0.0000
vt 0.4727 0.2893 0.0000
vt 0.4699 0.2451 0.0000
vt 0.4370 0.3420 0.0000
vt 0.4633 0.3316 0.0000
vt 0.4106 0.3476 0.0000
vt 0.4887 0.3156 0.0000
vt 0.4925 0.2667 0.0000
vt 0.3862 0.3231 0.0000
vt 0.3627 0.3203 0.0000
vt 0.3862 0.3015 0.0000
vt 0.4069 0.3006 0.0000
vt 0.4417 0.3702 0.0000
vt 0.4718 0.3608 0.0000
vt 0.5038 0.3467 0.0000
vt 0.5122 0.3834 0.0000
vt 0.5414 0.3241 0.0000
vt 0.5508 0.3721 0.0000
vt 0.5160 0.4210 0.0000
vt 0.5555 0.4153 0.0000
vt 0.4803 0.4276 0.0000
vt 0.4803 0.4586 0.0000
vt 0.5179 0.4549 0.0000
vt 0.5593 0.4530 0.0000
vt 0.4454 0.4323 0.0000
vt 0.4774 0.3937 0.0000
vt 0.4445 0.4012 0.0000
vt 0.4125 0.4059 0.0000
vt 0.5988 0.4116 0.0000
vt 0.6082 0.4520 0.0000
vt 0.5922 0.3627 0.0000
vt 0.6458 0.3965 0.0000
vt 0.6534 0.4473 0.0000
vt 0.6976 0.4483 0.0000
vt 0.6562 0.4887 0.0000
vt 0.6110 0.4897 0.0000
vt 0.5583 0.4897 0.0000
vt 0.5151 0.4859 0.0000
vt 0.6355 0.3504 0.0000
vt 0.6938 0.3852 0.0000
vt 0.5847 0.3166 0.0000
vt 0.6251 0.2996 0.0000
vt 0.6176 0.2629 0.0000
vt 0.5790 0.2789 0.0000
vt 0.5527 0.2902 0.0000
vt 0.5621 0.2451 0.0000
vt 0.5358 0.2676 0.0000
vt 0.5151 0.2930 0.0000
vt 0.5122 0.2413 0.0000
vt 0.6656 0.2601 0.0000
vt 0.6750 0.2959 0.0000
vt 0.6430 0.2008 0.0000
vt 0.6110 0.1388 0.0000
vt 0.5649 0.0898 0.0000
vt 0.5132 0.0579 0.0000
vt 0.4577 0.0400 0.0000
vt 0.3928 0.0315 0.0000
vt 0.6759 0.3335 0.0000
vt 0.7126 0.3279 0.0000
vt 0.7249 0.3768 0.0000
vt 0.7239 0.4473 0.0000
vt 0.7117 0.4840 0.0000
vt 0.6985 0.4878 0.0000
vt 0.7192 0.4737 0.0000
vt 0.7013 0.3147 0.0000
vt 0.4454 0.4614 0.0000
vt 0.4464 0.4859 0.0000
vt 0.4116 0.4897 0.0000
vt 0.4793 0.4840 0.0000
vt 0.3335 0.3401 0.0000
vt 0.2977 0.3570 0.0000
vt 0.3090 0.3279 0.0000
vt 0.3410 0.3156 0.0000
vt 0.3664 0.2996 0.0000
vt 0.3194 0.3034 0.0000
vt 0.3485 0.2949 0.0000
vt 0.3551 0.2827 0.0000
vt 0.3335 0.2836 0.0000
vt 0.3213 0.2648 0.0000
vt 0.3015 0.2846 0.0000
vt 0.3485 0.2705 0.0000
vt 0.3674 0.2648 0.0000
vt 0.3645 0.2441 0.0000
vt 0.3881 0.2422 0.0000
vt 0.3420 0.2516 0.0000
vt 0.3608 0.2178 0.0000
vt 0.3881 0.2639 0.0000
vt 0.3683 0.2818 0.0000
vt 0.3871 0.2827 0.0000
vt 0.3570 0.1886 0.0000
vt 0.3335 0.2262 0.0000
vt 0.3147 0.1670 0.0000
vt 0.3081 0.2413 0.0000
vt 0.3250 0.1980 0.0000
vt 0.2949 0.2140 0.0000
vt 0.2667 0.2357 0.0000
vt 0.2469 0.2074 0.0000
vt 0.2422 0.2592 0.0000
vt 0.2836 0.2611 0.0000
vt 0.2244 0.2799 0.0000
vt 0.2611 0.2855 0.0000
vt 0.2846 0.3100 0.0000
vt 0.3824 0.4944 0.0000
vt 0.4116 0.4944 0.0000
vt 0.3533 0.4944 0.0000
vt 0.3156 0.4868 0.0000
vt 0.4473 0.4925 0.0000
vt 0.3156 0.4934 0.0000
vt 0.4803 0.4915 0.0000
vt 0.2780 0.4915 0.0000
vt 0.5132 0.4944 0.0000
vt 0.2413 0.4906 0.0000
vt 0.5593 0.5000 0.0000
vt 0.1952 0.4859 0.0000
vt 0.6110 0.5019 0.0000
vt 0.1491 0.4803 0.0000
vt 0.1087 0.4690 0.0000
vt 0.6552 0.5000 0.0000
vt 0.1105 0.4793 0.0000
vt 0.6985 0.4962 0.0000
vt 0.0663 0.4831 0.0000
vt 0.7145 0.4906 0.0000
vt 0.0437 0.4821 0.0000
vt 0.7286 0.4793 0.0000
vt 0.0259 0.4652 0.0000
vt 0.7380 0.4492 0.0000
vt 0.0155 0.4238 0.0000
vt 0.7399 0.3739 0.0000
vt 0.0296 0.3335 0.0000
vt 0.0691 0.2959 0.0000
vt 0.7286 0.3194 0.0000
vt 0.0644 0.2789 0.0000
vt 0.0880 0.2836 0.0000
vt 0.7079 0.3034 0.0000
vt 0.0833 0.2761 0.0000
vt 0.6900 0.2808 0.0000
vt 0.0983 0.2592 0.0000
vt 0.6797 0.2573 0.0000
vt 0.1087 0.2394 0.0000
vt 0.6571 0.1971 0.0000
vt 0.1322 0.1858 0.0000
vt 0.6233 0.1331 0.0000
vt 0.1651 0.1256 0.0000
vt 0.5743 0.0795 0.0000
vt 0.2131 0.0748 0.0000
vt 0.5198 0.0437 0.0000
vt 0.2667 0.0419 0.0000
vt 0.4596 0.0249 0.0000
vt 0.3269 0.0230 0.0000
vt 0.3937 0.0155 0.0000
# 364 texture coords

o default
g default
usemtl default
s 1
f 1/1/1 2/2/2 3/3/3 
f 2/2/2 1/1/1 4/4/4 
f 5/5/5 2/2/2 4/4/4 
f 2/2/2 5/5/5 6/6/6 
f 7/7/7 1/1/1 3/3/3 
f 1/1/1 7/7/7 8/8/8 
f 7/7/7 9/9/9 8/8/8 
f 9/9/9 7/7/7 10/10/10 
f 10/10/10 11/11/3 9/9/9 
f 12/12/11 9/9/9 11/11/3 
f 9/9/9 12/12/11 13/13/12 
f 12/12/11 14/14/13 13/13/12 
f 11/11/3 10/10/10 15/15/14 
f 14/14/13 12/12/11 16/16/15 
f 17/17/16 14/14/13 16/16/15 
f 14/14/13 17/17/16 18/18/17 
f 19/19/18 18/18/17 17/17/16 
f 18/18/17 19/19/18 20/20/19 
f 21/21/20 20/20/19 19/19/18 
f 20/20/19 21/21/20 22/22/21 
f 23/23/22 22/22/21 21/21/20 
f 22/22/21 23/23/22 24/24/23 
f 25/25/24 24/24/23 23/23/22 
f 24/24/23 25/25/24 26/26/25 
f 27/27/26 26/26/25 25/25/24 
f 26/26/25 27/27/26 28/28/27 
f 29/29/27 28/28/27 27/27/26 
f 28/28/27 29/29/27 30/30/26 
f 31/31/28 30/30/26 29/29/27 
f 30/30/26 31/31/28 32/32/29 
f 1/1/30 33/33/31 4/4/32 
f 34/34/33 4/4/32 33/33/31 
f 33/33/31 1/1/30 35/35/34 
f 1/1/30 36/36/35 35/35/34 
f 36/36/35 1/1/30 8/8/36 
f 9/9/37 36/36/35 8/8/36 
f 4/4/32 34/34/33 5/5/38 
f 36/36/35 9/9/37 37/37/39 
f 13/13/40 37/37/39 9/9/37 
f 37/37/39 13/13/40 38/38/41 
f 14/14/42 38/38/41 13/13/40 
f 38/38/41 14/14/42 39/39/43 
f 18/18/44 39/39/43 14/14/42 
f 39/39/43 18/18/44 40/40/45 
f 20/20/46 40/40/45 18/18/44 
f 40/40/45 20/20/46 41/41/47 
f 22/22/48 41/41/47 20/20/46 
f 41/41/47 22/22/48 42/42/49 
f 24/24/50 42/42/49 22/22/48 
f 42/42/49 24/24/50 43/43/51 
f 26/26/52 43/43/51 24/24/50 
f 43/43/51 26/26/52 44/44/52 
f 44/44/52 26/26/52 45/45/53 
f 28/28/54 45/45/53 26/26/52 
f 45/45/53 28/28/54 46/46/55 
f 30/30/56 46/46/55 28/28/54 
f 46/46/55 30/30/56 47/47/57 
f 32/32/58 47/47/57 30/30/56 
f 47/47/57 32/32/58 48/48/59 
f 49/49/60 35/35/61 50/50/62 
f 35/35/61 49/49/60 33/33/63 
f 51/51/63 33/33/63 49/49/60 
f 33/33/63 51/51/63 34/34/64 
f 35/35/61 52/52/65 50/50/62 
f 52/52/65 35/35/61 36/36/66 
f 37/37/67 52/52/65 36/36/66 
f 52/52/65 37/37/67 53/53/68 
f 37/37/67 54/54/69 53/53/68 
f 54/54/69 37/37/67 55/55/70 
f 38/38/71 55/55/70 37/37/67 
f 55/55/70 38/38/71 56/56/72 
f 38/38/71 57/57/73 56/56/72 
f 57/57/73 38/38/71 39/39/74 
f 40/40/75 57/57/73 39/39/74 
f 57/57/73 40/40/75 58/58/76 
f 41/41/77 58/58/76 40/40/75 
f 58/58/76 41/41/77 59/59/78 
f 42/42/79 59/59/78 41/41/77 
f 59/59/78 42/42/79 60/60/80 
f 43/43/81 60/60/80 42/42/79 
f 60/60/80 43/43/81 61/61/82 
f 44/44/83 61/61/82 43/43/81 
f 61/61/82 44/44/83 62/62/84 
f 45/45/85 62/62/84 44/44/83 
f 62/62/84 45/45/85 63/63/86 
f 46/46/86 63/63/86 45/45/85 
f 63/63/86 46/46/86 64/64/86 
f 47/47/86 64/64/86 46/46/86 
f 64/64/86 47/47/86 65/65/87 
f 48/48/88 65/65/87 47/47/86 
f 65/65/87 48/48/88 66/66/89 
f 6/67/90 34/34/90 51/68/91 
f 34/34/90 6/67/90 5/5/92 
f 6/69/93 49/70/94 2/71/95 
f 50/72/96 2/71/95 49/70/94 
f 49/70/94 6/69/93 51/73/97 
f 2/71/95 50/72/96 3/74/98 
f 52/75/99 3/74/98 50/72/96 
f 3/74/98 52/75/99 7/76/100 
f 52/75/99 10/77/101 7/76/100 
f 10/77/101 52/75/99 53/78/102 
f 67/79/103 68/80/104 69/81/104 
f 68/80/104 67/79/103 70/82/105 
f 71/83/106 70/82/105 67/79/103 
f 70/82/105 71/83/106 72/84/107 
f 73/85/108 72/84/107 71/83/106 
f 72/84/107 73/85/108 74/86/109 
f 75/87/88 74/86/109 73/85/108 
f 74/86/109 75/87/88 76/88/110 
f 77/89/111 76/88/110 75/87/88 
f 76/88/110 77/89/111 78/90/112 
f 79/91/113 78/90/112 77/89/111 
f 78/90/112 79/91/113 80/92/114 
f 68/80/104 54/93/69 69/81/104 
f 54/93/69 68/80/104 53/94/68 
f 68/80/115 10/95/116 53/94/117 
f 10/95/116 68/80/115 81/96/118 
f 70/82/119 81/96/118 68/80/115 
f 81/96/118 70/82/119 82/97/119 
f 70/82/119 83/98/120 82/97/119 
f 83/98/120 70/82/119 72/84/121 
f 74/86/122 83/98/120 72/84/121 
f 83/98/120 74/86/122 84/99/123 
f 76/88/124 84/99/123 74/86/122 
f 84/99/123 76/88/124 85/100/125 
f 78/90/126 85/100/125 76/88/124 
f 85/100/125 78/90/126 86/101/127 
f 80/92/128 86/101/127 78/90/126 
f 86/101/127 80/92/128 87/102/129 
f 81/96/130 15/103/14 10/95/10 
f 15/103/14 81/96/130 88/104/131 
f 82/97/132 88/104/131 81/96/130 
f 88/104/131 82/97/132 89/105/133 
f 83/98/134 89/105/133 82/97/132 
f 89/105/133 83/98/134 90/106/135 
f 84/99/136 90/106/135 83/98/134 
f 90/106/135 84/99/136 91/107/137 
f 85/100/138 91/107/137 84/99/136 
f 91/107/137 85/100/138 92/108/139 
f 86/101/140 92/108/139 85/100/138 
f 92/108/139 86/101/140 93/109/141 
f 94/110/142 95/111/143 96/112/144 
f 97/113/145 96/112/144 95/111/143 
f 98/114/146 97/113/145 95/111/143 
f 99/115/147 98/114/146 95/111/143 
f 95/111/143 94/110/142 99/115/147 
f 96/112/144 100/116/148 94/110/142 
f 100/116/148 96/112/144 101/117/149 
f 100/116/148 102/118/150 94/110/142 
f 103/119/151 94/110/142 102/118/150 
f 94/110/142 103/119/151 99/115/147 
f 103/119/151 104/120/152 99/115/147 
f 98/114/146 99/115/147 104/120/152 
f 105/121/153 101/117/149 96/112/144 
f 96/112/144 97/113/145 105/121/153 
f 106/122/154 98/114/146 104/120/152 
f 98/114/146 106/122/154 107/123/155 
f 106/122/154 108/124/156 107/123/155 
f 109/125/157 106/122/154 104/120/152 
f 104/120/152 103/119/151 109/125/157 
f 110/126/158 109/125/157 103/119/151 
f 103/119/151 111/127/159 110/126/158 
f 111/127/159 103/119/151 102/118/150 
f 102/118/150 112/128/160 111/127/159 
f 112/128/160 113/129/161 111/127/159 
f 114/130/162 111/127/159 113/129/161 
f 111/127/159 114/130/162 110/126/158 
f 114/130/162 115/131/163 110/126/158 
f 109/125/157 110/126/158 115/131/163 
f 115/131/163 116/132/164 109/125/157 
f 106/122/154 109/125/157 116/132/164 
f 116/132/164 117/133/165 106/122/154 
f 108/124/156 106/122/154 117/133/165 
f 117/133/165 118/134/166 108/124/156 
f 108/124/156 119/135/167 107/123/155 
f 118/134/166 120/136/168 108/124/156 
f 119/135/167 108/124/156 120/136/168 
f 118/134/166 117/133/165 121/137/169 
f 121/137/169 122/138/170 118/134/166 
f 123/139/171 121/137/169 117/133/165 
f 117/133/165 116/132/164 123/139/171 
f 116/132/164 124/140/172 123/139/171 
f 124/140/172 125/141/173 123/139/171 
f 121/137/169 123/139/171 125/141/173 
f 125/141/173 126/142/174 121/137/169 
f 122/138/170 121/137/169 126/142/174 
f 126/142/174 127/143/175 122/138/170 
f 122/138/170 128/144/176 118/134/166 
f 120/136/168 118/134/166 128/144/176 
f 127/143/175 129/145/177 122/138/170 
f 128/144/176 122/138/170 129/145/177 
f 127/143/175 126/142/174 130/146/178 
f 131/147/179 127/143/175 130/146/178 
f 132/148/180 131/147/179 130/146/178 
f 126/142/174 132/148/180 130/146/178 
f 132/148/180 126/142/174 133/149/181 
f 126/142/174 125/141/173 133/149/181 
f 133/149/181 134/150/182 132/148/180 
f 125/141/173 135/151/183 133/149/181 
f 134/150/182 133/149/181 135/151/183 
f 136/152/184 134/150/182 135/151/183 
f 137/153/185 136/152/184 135/151/183 
f 135/151/183 125/141/173 137/153/185 
f 125/141/173 124/140/172 137/153/185 
f 134/150/182 138/154/186 132/148/180 
f 131/147/179 132/148/180 138/154/186 
f 138/154/186 139/155/187 131/147/179 
f 127/143/175 131/147/179 140/156/188 
f 141/157/189 127/143/175 140/156/188 
f 140/156/188 142/158/190 141/157/189 
f 140/156/188 143/159/191 142/158/190 
f 131/147/179 144/160/192 140/156/188 
f 143/159/191 140/156/188 144/160/192 
f 144/160/192 131/147/179 139/155/187 
f 134/150/182 136/152/184 145/161/193 
f 136/152/184 146/162/194 145/161/193 
f 145/161/193 147/163/195 134/150/182 
f 138/154/186 134/150/182 147/163/195 
f 146/162/194 148/164/196 145/161/193 
f 147/163/195 145/161/193 148/164/196 
f 146/162/194 136/152/184 149/165/197 
f 149/165/197 150/166/198 146/162/194 
f 146/162/194 150/166/198 151/167/199 
f 151/167/199 152/168/200 146/162/194 
f 148/164/196 146/162/194 152/168/200 
f 153/169/201 151/167/199 150/166/198 
f 151/167/199 153/169/201 154/170/202 
f 150/166/198 155/171/203 153/169/201 
f 155/171/203 156/172/204 153/169/201 
f 156/172/204 154/170/202 153/169/201 
f 154/170/202 156/172/204 157/173/205 
f 158/174/206 157/173/205 156/172/204 
f 156/172/204 159/175/207 158/174/206 
f 154/170/202 160/176/208 151/167/199 
f 152/168/200 151/167/199 160/176/208 
f 157/173/205 161/177/202 154/170/202 
f 160/176/208 154/170/202 161/177/202 
f 157/173/205 158/174/206 162/178/209 
f 162/178/209 163/179/210 157/173/205 
f 161/177/202 157/173/205 163/179/210 
f 164/180/211 162/178/209 158/174/206 
f 162/178/209 164/180/211 165/181/212 
f 166/182/213 165/181/212 164/180/211 
f 158/174/206 167/183/110 164/180/211 
f 167/183/110 158/174/206 159/175/207 
f 168/184/214 164/180/211 167/183/110 
f 164/180/211 168/184/214 166/182/213 
f 159/175/207 169/185/215 167/183/110 
f 170/186/216 167/183/110 169/185/215 
f 167/183/110 170/186/216 168/184/214 
f 171/187/217 170/186/216 169/185/215 
f 172/188/218 166/182/213 168/184/214 
f 173/189/219 168/184/214 170/186/216 
f 168/184/214 173/189/219 172/188/218 
f 174/190/220 172/188/218 173/189/219 
f 175/191/221 174/190/220 173/189/219 
f 173/189/219 176/192/222 175/191/221 
f 170/186/216 171/187/217 176/192/222 
f 176/192/222 173/189/219 170/186/216 
f 165/181/212 177/193/223 162/178/209 
f 163/179/210 162/178/209 177/193/223 
f 165/181/212 166/182/213 178/194/224 
f 179/195/225 178/194/224 166/182/213 
f 166/182/213 172/188/218 179/195/225 
f 178/194/224 179/195/225 180/196/226 
f 181/197/227 180/196/226 179/195/225 
f 172/188/218 181/197/227 179/195/225 
f 180/196/226 181/197/227 182/198/228 
f 183/199/229 182/198/228 181/197/227 
f 182/198/228 183/199/229 184/200/230 
f 183/199/229 185/201/231 184/200/230 
f 186/202/232 185/201/231 183/199/229 
f 181/197/227 186/202/232 183/199/229 
f 186/202/232 181/197/227 187/203/233 
f 174/190/220 186/202/232 187/203/233 
f 181/197/227 172/188/218 187/203/233 
f 172/188/218 174/190/220 187/203/233 
f 188/204/234 175/191/221 176/192/222 
f 175/191/221 188/204/234 189/205/235 
f 190/206/236 175/191/221 189/205/235 
f 191/207/237 189/205/235 188/204/234 
f 189/205/235 191/207/237 192/208/238 
f 192/208/238 190/206/236 189/205/235 
f 193/209/239 192/208/238 191/207/237 
f 190/206/236 192/208/238 194/210/240 
f 192/208/238 195/211/241 194/210/240 
f 193/209/239 195/211/241 196/212/242 
f 195/211/241 192/208/238 196/212/242 
f 192/208/238 193/209/239 196/212/242 
f 197/213/243 194/210/240 195/211/241 
f 194/210/240 197/213/243 198/214/244 
f 195/211/241 199/215/245 197/213/243 
f 200/216/246 194/210/240 198/214/244 
f 194/210/240 200/216/246 190/206/236 
f 200/216/246 201/217/247 190/206/236 
f 202/218/248 198/214/244 197/213/243 
f 198/214/244 202/218/248 203/219/249 
f 197/213/243 204/220/250 202/218/248 
f 204/220/250 197/213/243 199/215/245 
f 205/221/251 198/214/244 203/219/249 
f 198/214/244 205/221/251 200/216/246 
f 205/221/251 206/222/252 200/216/246 
f 201/217/247 200/216/246 206/222/252 
f 206/222/252 174/190/220 201/217/247 
f 207/223/253 204/220/250 199/215/245 
f 204/220/250 207/223/253 113/129/161 
f 208/224/254 113/129/161 207/223/253 
f 209/225/255 208/224/254 207/223/253 
f 210/226/256 207/223/253 199/215/245 
f 207/223/253 210/226/256 209/225/255 
f 113/129/161 112/128/160 204/220/250 
f 112/128/160 202/218/248 204/220/250 
f 202/218/248 112/128/160 211/227/257 
f 211/227/257 203/219/249 202/218/248 
f 203/219/249 211/227/257 212/228/258 
f 212/228/258 205/221/251 203/219/249 
f 205/221/251 212/228/258 213/229/259 
f 212/228/258 214/230/260 213/229/259 
f 215/231/261 205/221/251 213/229/259 
f 214/230/260 215/231/261 213/229/259 
f 215/231/261 214/230/260 216/232/262 
f 217/233/263 216/232/262 214/230/260 
f 216/232/262 217/233/263 218/234/264 
f 214/230/260 219/235/265 217/233/263 
f 220/236/266 217/233/263 219/235/265 
f 217/233/263 220/236/266 221/237/267 
f 221/237/267 218/234/264 217/233/263 
f 218/234/264 221/237/267 222/238/268 
f 223/239/269 220/236/266 219/235/265 
f 224/240/270 223/239/269 219/235/265 
f 219/235/265 214/230/260 224/240/270 
f 214/230/260 212/228/258 224/240/270 
f 212/228/258 225/241/271 224/240/270 
f 223/239/269 224/240/270 225/241/271 
f 225/241/271 212/228/258 211/227/257 
f 225/241/271 100/116/148 223/239/269 
f 211/227/257 226/242/272 225/241/271 
f 100/116/148 225/241/271 226/242/272 
f 222/238/268 227/243/273 218/234/264 
f 227/243/273 222/238/268 228/244/274 
f 229/245/275 218/234/264 227/243/273 
f 218/234/264 229/245/275 216/232/262 
f 229/245/275 215/231/261 216/232/262 
f 230/246/276 229/245/275 227/243/273 
f 228/244/274 230/246/276 227/243/273 
f 230/246/276 228/244/274 231/247/277 
f 232/248/278 230/246/276 231/247/277 
f 233/249/279 232/248/278 231/247/277 
f 228/244/274 233/249/279 231/247/277 
f 233/249/279 228/244/274 234/250/280 
f 222/238/268 234/250/280 228/244/274 
f 234/250/280 222/238/268 235/251/281 
f 221/237/267 235/251/281 222/238/268 
f 235/251/281 221/237/267 236/252/282 
f 229/245/275 230/246/276 237/253/283 
f 238/254/284 237/253/283 230/246/276 
f 230/246/276 232/248/278 238/254/284 
f 237/253/283 239/255/285 229/245/275 
f 239/255/285 237/253/283 240/256/286 
f 241/257/287 239/255/285 240/256/286 
f 215/231/261 229/245/275 239/255/285 
f 239/255/285 241/257/287 242/258/288 
f 243/259/289 239/255/285 242/258/288 
f 239/255/285 243/259/289 215/231/261 
f 244/260/290 243/259/289 242/258/288 
f 241/257/287 244/260/290 242/258/288 
f 244/260/290 241/257/287 185/201/231 
f 185/201/231 186/202/232 244/260/290 
f 186/202/232 245/261/291 244/260/290 
f 243/259/289 244/260/290 245/261/291 
f 246/262/292 243/259/289 245/261/291 
f 243/259/289 246/262/292 215/231/261 
f 245/261/291 186/202/232 247/263/293 
f 247/263/293 246/262/292 245/261/291 
f 246/262/292 247/263/293 206/222/252 
f 186/202/232 174/190/220 247/263/293 
f 174/190/220 206/222/252 247/263/293 
f 205/221/251 215/231/261 246/262/292 
f 206/222/252 205/221/251 246/262/292 
f 240/256/286 248/264/294 241/257/287 
f 248/264/294 240/256/286 249/265/295 
f 250/266/296 241/257/287 248/264/294 
f 241/257/287 250/266/296 185/201/231 
f 251/267/297 185/201/231 250/266/296 
f 185/201/231 251/267/297 184/200/230 
f 252/268/298 184/200/230 251/267/297 
f 184/200/230 252/268/298 182/198/228 
f 253/269/299 182/198/228 252/268/298 
f 182/198/228 253/269/299 180/196/226 
f 254/270/300 180/196/226 253/269/299 
f 180/196/226 254/270/300 178/194/224 
f 255/271/301 178/194/224 254/270/300 
f 178/194/224 255/271/301 165/181/212 
f 177/193/223 165/181/212 255/271/301 
f 249/265/295 237/253/283 256/272/128 
f 237/253/283 238/254/284 256/272/128 
f 238/254/284 257/273/302 256/272/128 
f 257/273/302 238/254/284 258/274/303 
f 232/248/278 258/274/303 238/254/284 
f 258/274/303 232/248/278 259/275/304 
f 260/276/305 259/275/304 232/248/278 
f 260/276/305 232/248/278 261/277/306 
f 259/275/304 260/276/305 262/278/307 
f 232/248/278 233/249/279 261/277/306 
f 257/273/302 249/265/295 256/272/128 
f 249/265/295 257/273/302 263/279/308 
f 237/253/283 249/265/295 240/256/286 
f 223/239/269 101/117/149 264/280/309 
f 101/117/149 223/239/269 100/116/148 
f 220/236/266 223/239/269 264/280/309 
f 101/117/149 265/281/310 264/280/309 
f 265/281/310 101/117/149 266/282/311 
f 267/283/312 264/280/309 265/281/310 
f 264/280/309 267/283/312 220/236/266 
f 236/252/282 220/236/266 267/283/312 
f 101/117/149 105/121/153 266/282/311 
f 220/236/266 236/252/282 221/237/267 
f 102/118/150 100/116/148 226/242/272 
f 112/128/160 102/118/150 226/242/272 
f 226/242/272 211/227/257 112/128/160 
f 268/284/313 269/285/314 115/131/163 
f 116/132/164 115/131/163 269/285/314 
f 124/140/172 116/132/164 269/285/314 
f 270/286/315 124/140/172 269/285/314 
f 269/285/314 268/284/313 270/286/315 
f 271/287/316 270/286/315 268/284/313 
f 115/131/163 114/130/162 268/284/313 
f 208/224/254 268/284/313 114/130/162 
f 268/284/313 208/224/254 271/287/316 
f 272/288/317 271/287/316 208/224/254 
f 113/129/161 208/224/254 114/130/162 
f 270/286/315 271/287/316 273/289/318 
f 274/290/319 273/289/318 271/287/316 
f 271/287/316 272/288/317 274/290/319 
f 272/288/317 275/291/320 274/290/319 
f 275/291/320 276/292/321 274/290/319 
f 273/289/318 274/290/319 276/292/321 
f 277/293/322 273/289/318 276/292/321 
f 278/294/323 270/286/315 273/289/318 
f 273/289/318 277/293/322 278/294/323 
f 276/292/321 275/291/320 279/295/324 
f 275/291/320 280/296/325 279/295/324 
f 281/297/326 279/295/324 280/296/325 
f 280/296/325 282/298/327 281/297/326 
f 283/299/328 276/292/321 279/295/324 
f 279/295/324 281/297/326 283/299/328 
f 276/292/321 283/299/328 277/293/322 
f 284/300/329 283/299/328 281/297/326 
f 282/298/327 284/300/329 281/297/326 
f 284/300/329 282/298/327 171/187/217 
f 188/204/234 171/187/217 282/298/327 
f 285/301/330 188/204/234 282/298/327 
f 282/298/327 280/296/325 285/301/330 
f 286/302/331 285/301/330 280/296/325 
f 280/296/325 275/291/320 286/302/331 
f 275/291/320 272/288/317 286/302/331 
f 209/225/255 286/302/331 272/288/317 
f 188/204/234 285/301/330 191/207/237 
f 287/303/332 191/207/237 285/301/330 
f 285/301/330 286/302/331 287/303/332 
f 286/302/331 209/225/255 287/303/332 
f 208/224/254 209/225/255 272/288/317 
f 191/207/237 287/303/332 193/209/239 
f 287/303/332 210/226/256 193/209/239 
f 210/226/256 287/303/332 209/225/255 
f 195/211/241 193/209/239 210/226/256 
f 199/215/245 195/211/241 210/226/256 
f 169/185/215 284/300/329 171/187/217 
f 284/300/329 169/185/215 288/304/333 
f 288/304/333 289/305/334 284/300/329 
f 169/185/215 159/175/207 288/304/333 
f 290/306/335 288/304/333 159/175/207 
f 283/299/328 284/300/329 289/305/334 
f 291/307/336 283/299/328 289/305/334 
f 159/175/207 156/172/204 290/306/335 
f 288/304/333 290/306/335 292/308/337 
f 289/305/334 288/304/333 292/308/337 
f 292/308/337 291/307/336 289/305/334 
f 155/171/203 292/308/337 290/306/335 
f 156/172/204 155/171/203 290/306/335 
f 291/307/336 292/308/337 293/309/338 
f 292/308/337 155/171/203 293/309/338 
f 294/310/339 291/307/336 293/309/338 
f 155/171/203 294/310/339 293/309/338 
f 294/310/339 155/171/203 295/311/340 
f 155/171/203 150/166/198 295/311/340 
f 150/166/198 149/165/197 295/311/340 
f 149/165/197 294/310/339 295/311/340 
f 294/310/339 149/165/197 296/312/341 
f 296/312/341 297/313/342 294/310/339 
f 291/307/336 294/310/339 297/313/342 
f 297/313/342 277/293/322 291/307/336 
f 283/299/328 291/307/336 277/293/322 
f 136/152/184 296/312/341 149/165/197 
f 296/312/341 136/152/184 298/314/343 
f 137/153/185 296/312/341 298/314/343 
f 136/152/184 137/153/185 298/314/343 
f 277/293/322 297/313/342 278/294/323 
f 299/315/344 278/294/323 297/313/342 
f 297/313/342 296/312/341 299/315/344 
f 296/312/341 137/153/185 299/315/344 
f 124/140/172 299/315/344 137/153/185 
f 299/315/344 124/140/172 300/316/345 
f 278/294/323 299/315/344 300/316/345 
f 124/140/172 270/286/315 300/316/345 
f 270/286/315 278/294/323 300/316/345 
f 97/113/346 301/317/347 105/121/348 
f 302/318/349 105/121/348 301/317/347 
f 301/317/347 97/113/346 303/319/350 
f 304/320/351 303/319/350 97/113/346 
f 105/121/348 302/318/349 266/282/352 
f 305/321/353 266/282/352 302/318/349 
f 303/319/350 304/320/351 306/322/354 
f 119/135/355 306/322/354 304/320/351 
f 266/282/352 305/321/353 265/281/356 
f 307/323/357 265/281/356 305/321/353 
f 306/322/354 119/135/355 308/324/358 
f 120/136/359 308/324/358 119/135/355 
f 265/281/356 307/323/357 267/283/360 
f 309/325/361 267/283/360 307/323/357 
f 308/324/358 120/136/359 310/326/362 
f 128/144/363 310/326/362 120/136/359 
f 267/283/360 309/325/361 236/252/364 
f 311/327/365 236/252/364 309/325/361 
f 310/326/362 128/144/363 312/328/366 
f 129/145/367 312/328/366 128/144/363 
f 236/252/364 311/327/365 235/251/368 
f 313/329/369 235/251/368 311/327/365 
f 312/328/366 129/145/367 314/330/370 
f 315/331/371 314/330/370 129/145/367 
f 235/251/368 313/329/369 234/250/372 
f 316/332/373 234/250/372 313/329/369 
f 314/330/370 315/331/371 317/333/374 
f 141/157/375 317/333/374 315/331/371 
f 234/250/372 316/332/373 233/249/376 
f 318/334/377 233/249/376 316/332/373 
f 317/333/374 141/157/375 319/335/367 
f 142/158/378 319/335/367 141/157/375 
f 233/249/376 318/334/377 261/277/369 
f 320/336/379 261/277/369 318/334/377 
f 319/335/367 142/158/378 321/337/380 
f 143/159/381 321/337/380 142/158/378 
f 261/277/369 320/336/379 260/276/382 
f 322/338/383 260/276/382 320/336/379 
f 321/337/380 143/159/381 323/339/384 
f 144/160/385 323/339/384 143/159/381 
f 260/276/382 322/338/383 262/278/386 
f 324/340/387 262/278/386 322/338/383 
f 323/339/384 144/160/385 325/341/388 
f 139/155/389 325/341/388 144/160/385 
f 262/278/386 324/340/387 259/275/390 
f 326/342/391 259/275/390 324/340/387 
f 325/341/388 139/155/389 327/343/392 
f 328/344/393 327/343/392 139/155/389 
f 259/275/390 326/342/391 258/274/394 
f 329/345/395 258/274/394 326/342/391 
f 327/343/392 328/344/393 330/346/396 
f 331/347/397 330/346/396 328/344/393 
f 258/274/394 329/345/395 257/273/398 
f 332/348/399 257/273/398 329/345/395 
f 330/346/396 331/347/397 333/349/400 
f 147/163/401 333/349/400 331/347/397 
f 257/273/398 332/348/399 263/279/402 
f 334/350/403 263/279/402 332/348/399 
f 333/349/400 147/163/401 335/351/404 
f 148/164/405 335/351/404 147/163/401 
f 263/279/402 334/350/403 249/265/406 
f 336/352/407 249/265/406 334/350/403 
f 335/351/404 148/164/405 337/353/408 
f 152/168/409 337/353/408 148/164/405 
f 249/265/406 336/352/407 248/264/410 
f 338/354/411 248/264/410 336/352/407 
f 337/353/408 152/168/409 339/355/412 
f 160/176/413 339/355/412 152/168/409 
f 248/264/410 338/354/411 250/266/414 
f 340/356/415 250/266/414 338/354/411 
f 339/355/412 160/176/413 341/357/416 
f 161/177/417 341/357/416 160/176/413 
f 250/266/414 340/356/415 251/267/418 
f 342/358/419 251/267/418 340/356/415 
f 341/357/416 161/177/417 343/359/420 
f 163/179/421 343/359/420 161/177/417 
f 251/267/418 342/358/419 252/268/422 
f 344/360/423 252/268/422 342/358/419 
f 343/359/420 163/179/421 345/361/424 
f 177/193/425 345/361/424 163/179/421 
f 252/268/422 344/360/423 253/269/426 
f 346/362/427 253/269/426 344/360/423 
f 345/361/424 177/193/425 347/363/428 
f 255/271/429 347/363/428 177/193/425 
f 253/269/426 346/362/427 254/270/430 
f 348/364/431 254/270/430 346/362/427 
f 347/363/428 255/271/429 348/364/431 
f 254/270/430 348/364/431 255/271/429 
f 107/123/155 304/320/432 98/114/146 
f 97/113/145 98/114/146 304/320/432 
f 304/320/432 107/123/155 119/135/167 
f 138/154/186 331/347/433 328/344/434 
f 139/155/187 138/154/186 328/344/434 
f 331/347/433 138/154/186 147/163/195 
f 171/187/217 188/204/234 176/192/222 
f 175/191/221 190/206/236 201/217/247 
f 174/190/220 175/191/221 201/217/247 
f 129/145/177 127/143/175 315/331/435 
f 127/143/175 141/157/189 315/331/435 
# 0 polygons - 605 triangles

#
# object default001
#

v  -0.0731 -0.0307 1.4475
v  -0.0729 -0.0386 1.4582
v  -0.0708 -0.0311 1.4547
v  -0.0674 -0.0304 1.4584
v  -0.0765 -0.0415 1.4510
v  -0.0802 -0.0492 1.4566
v  -0.0698 -0.0180 1.4457
v  -0.0670 -0.0229 1.4541
v  -0.0647 -0.0242 1.4589
v  -0.0749 -0.0429 1.4642
v  -0.0788 -0.0578 1.4593
v  -0.0701 -0.0370 1.4617
v  -0.0652 -0.0512 1.4804
v  -0.0701 -0.0445 1.4711
v  -0.0615 -0.0423 1.4803
v  -0.0770 -0.0755 1.4651
v  -0.0711 -0.0402 1.4658
v  -0.0685 -0.0405 1.4699
v  -0.0437 -0.0452 1.4954
v  -0.0450 -0.0387 1.4901
v  -0.0362 -0.0372 1.4940
v  -0.0651 -0.0699 1.4843
v  -0.0752 -0.1123 1.4752
v  -0.0602 -0.0386 1.4781
v  -0.0439 -0.0352 1.4873
v  -0.0220 -0.0417 1.5026
v  -0.0297 -0.0363 1.4949
v  -0.0227 -0.0332 1.4945
v  -0.0429 -0.0642 1.5014
v  -0.0616 -0.1064 1.4949
v  -0.0741 -0.1349 1.4798
v  -0.0349 -0.0344 1.4909
v  -0.0303 -0.0336 1.4912
v  0.0000 -0.0410 1.5044
v  0.0000 -0.0337 1.4987
v  0.0221 -0.0417 1.5026
v  -0.0214 -0.0614 1.5101
v  0.0000 -0.0618 1.5113
v  -0.0147 -0.0288 1.4906
v  -0.0250 -0.0321 1.4905
v  0.0228 -0.0332 1.4945
v  0.0297 -0.0363 1.4949
v  0.0423 -0.0456 1.4950
v  0.0215 -0.0614 1.5101
v  0.0212 -0.0965 1.5202
v  0.0430 -0.0642 1.5014
v  0.0665 -0.0515 1.4780
v  0.0451 -0.0387 1.4901
v  0.0363 -0.0372 1.4940
v  0.0615 -0.0423 1.4803
v  0.0702 -0.0445 1.4711
v  0.0789 -0.0578 1.4593
v  0.0652 -0.0699 1.4843
v  0.0617 -0.1064 1.4949
v  0.0771 -0.0755 1.4651
v  0.0825 -0.0602 1.4511
v  0.0750 -0.0429 1.4642
v  0.0803 -0.0492 1.4566
v  0.0824 -0.0557 1.4496
v  0.0766 -0.0415 1.4510
v  0.0730 -0.0386 1.4582
v  0.0709 -0.0311 1.4547
v  0.0790 -0.0439 1.4447
v  0.0732 -0.0307 1.4475
v  0.0670 -0.0229 1.4541
v  0.0757 -0.0312 1.4412
v  0.0699 -0.0180 1.4457
v  0.0734 -0.0204 1.4404
v  0.0753 -0.1123 1.4752
v  0.0809 -0.0782 1.4561
v  0.0599 -0.0122 1.4574
v  0.0600 -0.0169 1.4599
v  0.0694 -0.0057 1.4444
v  0.0729 -0.0091 1.4395
v  0.0498 -0.0094 1.4653
v  0.0499 -0.0138 1.4674
v  0.0598 0.0004 1.4527
v  0.0712 0.0007 1.4402
v  0.0732 -0.0031 1.4374
v  0.0337 -0.0082 1.4728
v  0.0341 -0.0128 1.4744
v  0.0490 0.0054 1.4606
v  0.0197 -0.0079 1.4777
v  0.0229 -0.0132 1.4788
v  0.0180 -0.0157 1.4828
v  0.0337 0.0078 1.4671
v  0.0000 -0.0071 1.4799
v  0.0000 -0.0136 1.4834
v  -0.0196 -0.0079 1.4777
v  0.0187 0.0088 1.4715
v  0.0000 0.0104 1.4729
v  0.0133 -0.0219 1.4849
v  -0.0179 -0.0157 1.4828
v  -0.0228 -0.0132 1.4788
v  -0.0336 -0.0082 1.4728
v  -0.0186 0.0088 1.4715
v  -0.0176 0.0244 1.4656
v  -0.0207 -0.0189 1.4818
v  -0.0340 -0.0128 1.4744
v  -0.0498 -0.0094 1.4653
v  -0.0336 0.0078 1.4671
v  -0.0324 0.0229 1.4619
v  -0.0247 -0.0167 1.4795
v  -0.0498 -0.0138 1.4674
v  -0.0598 -0.0122 1.4574
v  -0.0489 0.0054 1.4606
v  -0.0476 0.0204 1.4550
v  -0.0342 -0.0164 1.4756
v  -0.0599 -0.0169 1.4599
v  -0.0597 0.0004 1.4527
v  -0.0587 0.0199 1.4446
v  -0.0693 -0.0057 1.4444
v  -0.0500 -0.0177 1.4691
v  -0.0599 -0.0203 1.4625
v  -0.0711 0.0007 1.4402
v  -0.0628 0.0227 1.4342
v  -0.0731 0.0046 1.4334
v  -0.0656 0.0260 1.4215
v  -0.0751 0.0049 1.4255
v  -0.0666 0.0301 1.4111
v  -0.0765 0.0034 1.4157
v  -0.0769 0.0149 1.3983
v  -0.0779 0.0078 1.4011
v  -0.0773 0.0027 1.4066
v  -0.0697 0.0302 1.4042
v  -0.0746 0.0236 1.3980
v  -0.0624 0.0285 1.4232
v  -0.0595 0.0255 1.4340
v  -0.0638 0.0320 1.4122
v  -0.0643 0.0333 1.4061
v  -0.0688 0.0314 1.4013
v  -0.0737 0.0241 1.3956
v  -0.0770 0.0146 1.3946
v  -0.0776 0.0061 1.3975
v  -0.0769 0.0005 1.4026
v  -0.0761 -0.0016 1.4069
v  -0.0753 -0.0004 1.4162
v  -0.0742 0.0002 1.4263
v  -0.0737 -0.0002 1.4328
v  -0.0731 -0.0031 1.4374
v  -0.0728 -0.0091 1.4395
v  -0.0733 -0.0204 1.4404
v  -0.0756 -0.0312 1.4412
v  -0.0789 -0.0439 1.4447
v  -0.0823 -0.0557 1.4496
v  -0.0824 -0.0602 1.4511
v  -0.0808 -0.0782 1.4561
v  -0.0779 -0.1158 1.4674
v  -0.0761 -0.1374 1.4741
v  -0.0731 -0.1402 1.4810
v  -0.0754 -0.1415 1.4756
v  -0.0596 -0.1316 1.5044
v  -0.0601 -0.1275 1.5030
v  -0.0405 -0.0997 1.5118
v  -0.0211 -0.0965 1.5202
v  -0.0401 -0.1197 1.5199
v  -0.0400 -0.1255 1.5214
v  0.0000 -0.0952 1.5233
v  -0.0208 -0.1157 1.5267
v  -0.0204 -0.1225 1.5288
v  0.0000 -0.1156 1.5301
v  0.0000 -0.1219 1.5318
v  0.0205 -0.1225 1.5288
v  0.0209 -0.1157 1.5267
v  0.0402 -0.1197 1.5199
v  0.0401 -0.1255 1.5214
v  0.0406 -0.0997 1.5118
v  0.0517 -0.1251 1.5126
v  0.0511 -0.1286 1.5135
v  0.0592 -0.1275 1.5024
v  0.0590 -0.1322 1.5034
v  0.0732 -0.1402 1.4810
v  0.0742 -0.1349 1.4798
v  0.0779 -0.1158 1.4674
v  0.0762 -0.1374 1.4741
v  0.0477 0.0204 1.4550
v  0.0588 0.0198 1.4446
v  0.0465 0.0244 1.4529
v  0.0325 0.0229 1.4619
v  0.0320 0.0273 1.4595
v  0.0177 0.0244 1.4656
v  0.0169 0.0285 1.4635
v  0.0000 0.0246 1.4674
v  0.0000 0.0292 1.4648
v  0.0732 0.0046 1.4334
v  0.0738 -0.0002 1.4328
v  0.0629 0.0227 1.4342
v  0.0752 0.0049 1.4255
v  0.0743 0.0002 1.4263
v  0.0657 0.0260 1.4215
v  0.0765 0.0034 1.4157
v  0.0597 0.0253 1.4343
v  0.0754 -0.0004 1.4162
v  0.0667 0.0301 1.4111
v  0.0770 0.0149 1.3983
v  0.0625 0.0285 1.4232
v  0.0747 0.0236 1.3980
v  0.0698 0.0302 1.4042
v  0.0639 0.0320 1.4122
v  0.0689 0.0314 1.4013
v  0.0649 0.0335 1.4068
v  0.0738 0.0241 1.3956
v  0.0774 0.0027 1.4066
v  0.0779 0.0078 1.4011
v  0.0771 0.0146 1.3946
v  0.0777 0.0061 1.3975
v  0.0762 -0.0016 1.4069
v  0.0770 0.0005 1.4026
v  -0.0319 0.0273 1.4595
v  -0.0168 0.0285 1.4635
v  -0.0468 0.0242 1.4534
v  -0.0558 0.0233 1.4439
v  0.0559 0.0241 1.4445
v  0.0248 -0.0167 1.4795
v  0.0208 -0.0189 1.4818
v  0.0169 -0.0232 1.4836
v  0.0342 -0.0164 1.4756
v  0.0501 -0.0177 1.4691
v  0.0600 -0.0203 1.4625
v  0.0648 -0.0242 1.4589
v  0.0675 -0.0304 1.4584
v  0.0702 -0.0370 1.4617
v  0.0712 -0.0402 1.4658
v  0.0685 -0.0405 1.4699
v  0.0603 -0.0386 1.4781
v  0.0440 -0.0352 1.4873
v  0.0350 -0.0344 1.4909
v  0.0304 -0.0336 1.4912
v  0.0251 -0.0321 1.4905
v  0.0172 -0.0281 1.4867
v  0.0148 -0.0288 1.4906
v  0.0163 -0.0258 1.4854
v  0.0000 -0.0283 1.4920
v  0.0133 -0.0258 1.4876
v  0.0000 -0.0247 1.4889
v  0.0000 -0.0204 1.4857
v  -0.0132 -0.0219 1.4849
v  -0.0132 -0.0258 1.4876
v  -0.0171 -0.0281 1.4867
v  -0.0168 -0.0232 1.4836
v  -0.0162 -0.0258 1.4854
v  0.0238 -0.0185 1.4773
v  0.0195 -0.0203 1.4794
v  0.0324 -0.0172 1.4737
v  0.0481 -0.0194 1.4675
v  0.0568 -0.0220 1.4613
v  0.0620 -0.0258 1.4575
v  0.0652 -0.0317 1.4579
v  0.0675 -0.0387 1.4608
v  0.0675 -0.0417 1.4644
v  0.0658 -0.0423 1.4685
v  0.0590 -0.0402 1.4765
v  0.0428 -0.0368 1.4855
v  0.0342 -0.0351 1.4895
v  -0.0194 -0.0203 1.4794
v  -0.0159 -0.0245 1.4814
v  -0.0237 -0.0185 1.4773
v  -0.0159 -0.0275 1.4836
v  -0.0169 -0.0299 1.4851
v  -0.0244 -0.0335 1.4888
v  -0.0300 -0.0348 1.4900
v  -0.0341 -0.0351 1.4895
v  -0.0323 -0.0172 1.4737
v  -0.0480 -0.0194 1.4675
v  -0.0567 -0.0220 1.4613
v  -0.0619 -0.0258 1.4575
v  -0.0651 -0.0317 1.4579
v  -0.0674 -0.0387 1.4608
v  -0.0674 -0.0417 1.4644
v  -0.0657 -0.0423 1.4685
v  -0.0589 -0.0402 1.4765
v  -0.0428 -0.0368 1.4855
v  0.0301 -0.0348 1.4900
v  0.0245 -0.0335 1.4888
v  0.0170 -0.0299 1.4851
v  0.0160 -0.0275 1.4836
v  0.0160 -0.0245 1.4814
v  0.0315 -0.0159 1.4725
v  0.0228 -0.0175 1.4761
v  0.0473 -0.0176 1.4656
v  0.0303 -0.0109 1.4704
v  0.0203 -0.0119 1.4744
v  0.0562 -0.0208 1.4598
v  0.0617 -0.0248 1.4555
v  0.0658 -0.0324 1.4551
v  0.0621 -0.0194 1.4494
v  0.0562 -0.0163 1.4558
v  0.0468 -0.0126 1.4630
v  0.0545 -0.0008 1.4518
v  0.0451 0.0036 1.4578
v  0.0307 0.0054 1.4642
v  0.0185 0.0068 1.4672
v  0.0682 -0.0400 1.4583
v  0.0682 -0.0437 1.4633
v  0.0667 -0.0447 1.4681
v  0.0593 -0.0429 1.4770
v  0.0429 -0.0391 1.4862
v  0.0601 -0.0490 1.4790
v  0.0703 -0.0533 1.4654
v  0.0725 -0.0498 1.4579
v  0.0716 -0.0428 1.4511
v  0.0340 -0.0374 1.4896
v  0.0683 -0.0308 1.4464
v  0.0753 -0.0449 1.4439
v  0.0722 -0.0314 1.4405
v  0.0785 -0.0568 1.4489
v  0.0788 -0.0610 1.4500
v  0.0772 -0.0785 1.4550
v  0.0720 -0.0739 1.4652
v  0.0609 -0.0666 1.4816
v  0.0445 -0.0597 1.4946
v  0.0743 -0.1159 1.4663
v  0.0701 -0.1124 1.4744
v  0.0727 -0.1382 1.4731
v  0.0701 -0.0200 1.4387
v  0.0619 -0.0067 1.4459
v  0.0699 -0.0096 1.4378
v  0.0638 -0.0005 1.4420
v  0.0553 0.0191 1.4434
v  0.0598 0.0202 1.4345
v  0.0703 -0.0042 1.4364
v  0.0676 0.0051 1.4343
v  0.0612 0.0238 1.4228
v  0.0446 0.0202 1.4512
v  0.0307 0.0223 1.4576
v  0.0154 0.0235 1.4614
v  0.0000 0.0068 1.4696
v  0.0000 0.0229 1.4634
v  -0.0184 0.0068 1.4672
v  0.0000 -0.0097 1.4760
v  -0.0202 -0.0119 1.4744
v  -0.0302 -0.0109 1.4704
v  0.0125 -0.0159 1.4778
v  0.0000 -0.0154 1.4786
v  -0.0124 -0.0159 1.4778
v  0.0093 -0.0234 1.4795
v  0.0141 -0.0251 1.4801
v  0.0000 -0.0223 1.4814
v  -0.0092 -0.0234 1.4795
v  0.0146 -0.0282 1.4840
v  0.0088 -0.0285 1.4846
v  0.0000 -0.0286 1.4859
v  -0.0087 -0.0285 1.4846
v  0.0122 -0.0338 1.4902
v  0.0000 -0.0348 1.4920
v  -0.0140 -0.0251 1.4801
v  -0.0145 -0.0282 1.4840
v  -0.0176 -0.0194 1.4787
v  -0.0161 -0.0313 1.4856
v  -0.0236 -0.0349 1.4893
v  -0.0200 -0.0390 1.4960
v  -0.0300 -0.0366 1.4905
v  -0.0317 -0.0422 1.4943
v  -0.0339 -0.0374 1.4896
v  -0.0219 -0.0550 1.5021
v  -0.0445 -0.0446 1.4892
v  -0.0428 -0.0391 1.4862
v  -0.0592 -0.0429 1.4770
v  -0.0444 -0.0597 1.4946
v  -0.0408 -0.0990 1.5081
v  -0.0666 -0.0447 1.4681
v  -0.0703 -0.0533 1.4654
v  -0.0681 -0.0437 1.4633
v  -0.0724 -0.0498 1.4579
v  -0.0784 -0.0568 1.4489
v  -0.0681 -0.0400 1.4583
v  -0.0715 -0.0428 1.4511
v  -0.0752 -0.0449 1.4439
v  -0.0657 -0.0324 1.4551
v  -0.0682 -0.0308 1.4464
v  -0.0721 -0.0314 1.4405
v  -0.0616 -0.0248 1.4555
v  -0.0700 -0.0200 1.4387
v  -0.0561 -0.0208 1.4598
v  -0.0561 -0.0163 1.4558
v  -0.0472 -0.0176 1.4656
v  -0.0467 -0.0126 1.4630
v  -0.0314 -0.0159 1.4725
v  -0.0450 0.0036 1.4578
v  -0.0227 -0.0175 1.4761
v  -0.0306 0.0054 1.4642
v  -0.0306 0.0223 1.4576
v  -0.0153 0.0235 1.4614
v  -0.0155 0.0276 1.4606
v  0.0000 0.0275 1.4622
v  -0.0308 0.0266 1.4571
v  -0.0447 0.0244 1.4507
v  0.0156 0.0276 1.4606
v  0.0309 0.0266 1.4571
v  0.0448 0.0244 1.4507
v  -0.0445 0.0202 1.4512
v  -0.0537 0.0230 1.4426
v  -0.0545 -0.0008 1.4518
v  0.0538 0.0230 1.4426
v  -0.0618 -0.0067 1.4459
v  -0.0620 -0.0194 1.4494
v  -0.0638 -0.0005 1.4420
v  -0.0698 -0.0096 1.4378
v  -0.0702 -0.0042 1.4364
v  -0.0712 -0.0010 1.4321
v  -0.0552 0.0191 1.4434
v  -0.0675 0.0051 1.4344
v  -0.0716 0.0000 1.4263
v  -0.0597 0.0202 1.4345
v  -0.0697 0.0061 1.4270
v  -0.0727 -0.0005 1.4163
v  -0.0574 0.0242 1.4335
v  -0.0598 0.0272 1.4230
v  -0.0611 0.0238 1.4228
v  -0.0712 0.0049 1.4169
v  -0.0618 0.0305 1.4120
v  -0.0722 0.0056 1.4073
v  -0.0732 -0.0014 1.4063
v  -0.0730 0.0015 1.4019
v  -0.0736 0.0061 1.3975
v  -0.0724 0.0092 1.4026
v  -0.0719 0.0146 1.3994
v  -0.0734 0.0141 1.3942
v  -0.0702 0.0202 1.3996
v  -0.0710 0.0222 1.3951
v  -0.0633 0.0271 1.4109
v  -0.0657 0.0269 1.4046
v  -0.0660 0.0294 1.4006
v  -0.0630 0.0327 1.4064
v  0.0301 -0.0366 1.4905
v  0.0318 -0.0422 1.4943
v  0.0201 -0.0390 1.4960
v  0.0220 -0.0550 1.5021
v  0.0000 -0.0390 1.4975
v  0.0446 -0.0446 1.4892
v  0.0237 -0.0349 1.4893
v  0.0162 -0.0313 1.4856
v  -0.0121 -0.0338 1.4902
v  0.0000 -0.0535 1.5051
v  -0.0204 -0.0968 1.5166
v  -0.0383 -0.1194 1.5157
v  -0.0567 -0.1268 1.5000
v  -0.0577 -0.1051 1.4946
v  -0.0569 -0.1328 1.5026
v  -0.0690 -0.1348 1.4791
v  -0.0701 -0.1124 1.4744
v  -0.0742 -0.1159 1.4663
v  -0.0695 -0.1402 1.4803
v  -0.0771 -0.0785 1.4550
v  -0.0719 -0.0739 1.4652
v  -0.0609 -0.0666 1.4816
v  -0.0787 -0.0610 1.4500
v  -0.0600 -0.0490 1.4790
v  -0.0723 -0.1416 1.4747
v  -0.0730 -0.1375 1.4728
v  0.0177 -0.0194 1.4787
v  0.0713 -0.0010 1.4321
v  0.0716 0.0000 1.4263
v  0.0728 -0.0005 1.4163
v  0.0732 -0.0014 1.4063
v  0.0731 0.0015 1.4019
v  0.0737 0.0061 1.3975
v  0.0735 0.0141 1.3942
v  0.0711 0.0222 1.3951
v  0.0661 0.0294 1.4006
v  0.0631 0.0326 1.4064
v  0.0619 0.0305 1.4120
v  0.0599 0.0272 1.4230
v  0.0575 0.0242 1.4335
v  0.0698 -0.1402 1.4796
v  0.0570 -0.1328 1.5026
v  0.0484 -0.1294 1.5122
v  0.0383 -0.1269 1.5191
v  0.0191 -0.1241 1.5268
v  -0.0382 -0.1269 1.5191
v  -0.0190 -0.1241 1.5268
v  0.0000 -0.1234 1.5292
v  0.0723 0.0056 1.4073
v  0.0725 0.0092 1.4026
v  0.0713 0.0049 1.4169
v  0.0634 0.0271 1.4109
v  0.0720 0.0146 1.3994
v  0.0698 0.0061 1.4270
v  0.0702 0.0202 1.3996
v  0.0658 0.0269 1.4046
v  0.0691 -0.1348 1.4791
v  0.0568 -0.1268 1.5000
v  0.0384 -0.1194 1.5157
v  0.0193 -0.1174 1.5237
v  0.0409 -0.0990 1.5081
v  0.0578 -0.1051 1.4946
v  0.0204 -0.0968 1.5166
v  0.0000 -0.1174 1.5264
v  0.0000 -0.0952 1.5191
v  -0.0192 -0.1174 1.5237
# 490 vertices

vn -0.8980 -0.3501 0.2665
vn -0.8119 -0.3814 0.4420
vn -0.8041 -0.5145 0.2980
vn -0.7415 -0.5849 0.3288
vn -0.8980 -0.2327 0.3734
vn -0.9293 -0.2875 0.2318
vn -0.8276 -0.5301 0.1847
vn -0.7649 -0.5536 0.3292
vn -0.7571 -0.5849 0.2910
vn -0.7884 -0.5066 0.3489
vn -0.8824 -0.4675 -0.0539
vn -0.7101 -0.4284 0.5588
vn -0.7649 -0.6397 0.0752
vn -0.7180 -0.6240 0.3084
vn -0.6319 -0.7023 0.3279
vn -0.8980 -0.4362 -0.0576
vn -0.6710 -0.5692 0.4751
vn -0.6945 -0.6006 0.3962
vn -0.4988 -0.8354 0.2309
vn -0.4675 -0.7571 0.4563
vn -0.3188 -0.7884 0.5261
vn -0.7488 -0.6628 0.0000
vn -0.8980 -0.4284 -0.1004
vn -0.5536 -0.6867 0.4712
vn -0.3970 -0.7180 0.5717
vn -0.2483 -0.8980 0.3632
vn -0.2248 -0.7493 0.6229
vn -0.1935 -0.7258 0.6601
vn -0.4988 -0.8589 0.1163
vn -0.7493 -0.6554 0.0953
vn -0.8885 -0.4588 0.0000
vn -0.2248 -0.7101 0.6672
vn -0.2248 -0.6475 0.7281
vn -0.0291 -0.9372 0.3477
vn -0.0057 -0.8041 0.5945
vn 0.1979 -0.9058 0.3746
vn -0.1857 -0.9685 0.1661
vn 0.0413 -0.9841 0.1726
vn -0.2327 -0.6632 0.7114
vn -0.2561 -0.5066 0.8232
vn 0.2135 -0.6867 0.6949
vn 0.2605 -0.7963 0.5460
vn 0.4327 -0.8745 0.2190
vn 0.2527 -0.9528 0.1683
vn 0.2683 -0.9528 0.1420
vn 0.5345 -0.8354 0.1284
vn 0.6910 -0.7180 0.0838
vn 0.4797 -0.8041 0.3513
vn 0.2761 -0.8276 0.4888
vn 0.6049 -0.7336 0.3096
vn 0.7536 -0.6240 0.2064
vn 0.8789 -0.4753 -0.0406
vn 0.7759 -0.6309 0.0000
vn 0.7507 -0.6606 0.0000
vn 0.8867 -0.4597 -0.0497
vn 0.9180 -0.3892 0.0759
vn 0.7928 -0.4831 0.3716
vn 0.9258 -0.2953 0.2359
vn 0.9572 -0.2640 0.1191
vn 0.8710 -0.2953 0.3925
vn 0.7771 -0.3814 0.5006
vn 0.8084 -0.4675 0.3576
vn 0.9180 -0.1935 0.3461
vn 0.8710 -0.4049 0.2781
vn 0.8006 -0.5301 0.2793
vn 0.9024 -0.3501 0.2514
vn 0.8319 -0.5379 0.1362
vn 0.8789 -0.4597 0.1276
vn 0.8945 -0.4440 -0.0517
vn 0.9337 -0.3579 -0.0129
vn 0.7223 -0.6632 0.1961
vn 0.6910 -0.6632 0.2876
vn 0.7999 -0.6001 0.0000
vn 0.8476 -0.5301 0.0248
vn 0.5658 -0.7963 0.2142
vn 0.5110 -0.8197 0.2587
vn 0.6754 -0.7180 0.1685
vn 0.8397 -0.5223 0.1485
vn 0.8867 -0.4597 0.0497
vn 0.3779 -0.9058 0.1914
vn 0.3622 -0.9137 0.1844
vn 0.5031 -0.8432 0.1893
vn 0.2761 -0.9293 0.2452
vn 0.3779 -0.8980 0.2253
vn 0.2996 -0.9450 0.1313
vn 0.3309 -0.9215 0.2033
vn 0.0335 -0.9606 0.2758
vn -0.0057 -0.9685 0.2491
vn -0.2170 -0.9372 0.2732
vn 0.1666 -0.9606 0.2224
vn -0.0370 -0.9763 0.2133
vn 0.2527 -0.9293 0.2693
vn -0.2796 -0.9450 0.1698
vn -0.3814 -0.9058 0.1844
vn -0.3501 -0.9137 0.2065
vn -0.2248 -0.9528 0.2040
vn -0.1700 -0.9450 0.2795
vn -0.4049 -0.9137 0.0360
vn -0.3736 -0.9058 0.1998
vn -0.4910 -0.8510 0.1862
vn -0.3501 -0.8980 0.2665
vn -0.3344 -0.9215 0.1975
vn -0.5145 -0.8197 0.2517
vn -0.6945 -0.6945 0.1880
vn -0.5771 -0.7963 0.1816
vn -0.5379 -0.7884 0.2983
vn -0.6945 -0.6554 0.2970
vn -0.7023 -0.6945 0.1563
vn -0.6788 -0.6397 0.3605
vn -0.7728 -0.6240 0.1158
vn -0.5301 -0.7963 0.2915
vn -0.6945 -0.6240 0.3581
vn -0.8276 -0.5379 0.1605
vn -0.7180 -0.4753 0.5085
vn -0.9058 -0.3501 0.2385
vn -0.7649 -0.3814 0.5190
vn -0.9685 -0.2013 0.1468
vn -0.7884 -0.3579 0.5003
vn -0.9893 -0.1462 0.0000
vn -0.9606 -0.2013 0.1914
vn -0.9998 -0.0213 -0.0009
vn -0.9763 -0.0448 -0.2118
vn -0.7806 -0.2875 0.5550
vn -0.9137 -0.0604 0.4019
vn -0.6475 -0.4284 0.6303
vn -0.4362 -0.4753 0.7641
vn -0.6319 -0.3970 0.6657
vn -0.5614 -0.3422 0.7534
vn -0.7023 -0.1935 0.6851
vn -0.8276 0.0726 0.5567
vn -0.9685 0.0570 0.2426
vn -0.9994 0.0335 0.0000
vn -0.9841 0.0178 -0.1766
vn -0.9606 -0.0448 -0.2742
vn -0.9528 -0.0683 -0.2958
vn -0.9685 -0.0761 -0.2373
vn -0.9841 -0.1622 -0.0721
vn -0.9293 -0.3657 0.0510
vn -0.8510 -0.5223 0.0542
vn -0.8824 -0.4127 0.2261
vn -0.9058 -0.3109 0.2877
vn -0.9528 -0.1700 0.2515
vn -0.9372 -0.3422 -0.0679
vn -0.9212 -0.3891 0.0000
vn -0.9427 -0.3336 0.0000
vn -0.9058 -0.4127 -0.0956
vn -0.9215 -0.3814 -0.0734
vn -0.8114 -0.5845 0.0000
vn -0.7415 -0.6632 0.1021
vn -0.5692 -0.8119 0.1295
vn -0.3188 -0.9372 0.1419
vn -0.4910 -0.8589 0.1459
vn -0.5845 -0.8114 0.0000
vn -0.0370 -0.9841 0.1736
vn -0.2248 -0.9606 0.1632
vn -0.2953 -0.9450 0.1408
vn 0.0491 -0.9919 0.1168
vn -0.0526 -0.9919 0.1152
vn 0.2605 -0.9606 0.0966
vn 0.4640 -0.8745 0.1411
vn 0.5262 -0.8504 0.0000
vn 0.5971 -0.7884 0.1479
vn 0.7132 -0.7010 0.0000
vn 0.7054 -0.7088 0.0000
vn 0.8084 -0.5849 0.0658
vn 0.8163 -0.5692 -0.0984
vn 0.9024 -0.4205 -0.0944
vn 0.9480 -0.3183 0.0000
vn 0.9415 -0.3344 -0.0418
vn 0.5423 -0.7884 0.2904
vn 0.7067 -0.6240 0.3335
vn 0.5579 -0.7415 0.3727
vn 0.3466 -0.8980 0.2710
vn 0.3779 -0.8589 0.3457
vn 0.1979 -0.9450 0.2605
vn 0.1744 -0.9215 0.3470
vn 0.9258 -0.3344 0.1760
vn 0.9572 -0.2483 0.1490
vn 0.7536 -0.4284 0.4986
vn 0.9728 -0.2170 0.0810
vn 0.9885 -0.1309 -0.0762
vn 0.7849 -0.3501 0.5112
vn 0.9868 -0.1619 0.0000
vn 0.6362 -0.4362 0.6364
vn 0.9572 -0.0996 -0.2719
vn 0.8006 -0.4049 0.4417
vn 0.9650 -0.1544 0.2121
vn 0.6597 -0.4284 0.6175
vn 0.9024 -0.1387 0.4080
vn 0.7301 -0.3344 0.5959
vn 0.6206 -0.4127 0.6668
vn 0.7301 -0.0996 0.6760
vn 0.6284 -0.3501 0.6947
vn 0.8945 0.1039 0.4348
vn 0.9963 -0.0761 -0.0401
vn 0.9963 -0.0683 0.0524
vn 0.9885 0.0022 0.1514
vn 0.9963 0.0491 -0.0706
vn 0.9572 -0.0526 -0.2848
vn 0.9806 0.0100 -0.1956
vn -0.3109 -0.8902 0.3330
vn -0.1700 -0.9215 0.3492
vn -0.5145 -0.7963 0.3183
vn -0.6475 -0.6084 0.4589
vn -0.5536 -0.5379 0.6357
vn -0.6084 -0.4910 0.6235
vn 0.6675 -0.5614 0.4891
vn 0.4170 -0.8980 0.1402
vn 0.4170 -0.9058 -0.0744
vn 0.3928 -0.9196 0.0000
vn 0.3544 -0.9137 0.1990
vn 0.4562 -0.8589 0.2329
vn 0.6440 -0.7023 0.3032
vn 0.7771 -0.5536 0.2994
vn 0.7458 -0.5849 0.3188
vn 0.7380 -0.4988 0.4545
vn 0.6675 -0.4518 0.5918
vn 0.6675 -0.6162 0.4180
vn 0.6206 -0.6632 0.4184
vn 0.4405 -0.7415 0.5061
vn 0.2918 -0.7336 0.6137
vn 0.1744 -0.7258 0.6654
vn 0.2527 -0.6006 0.7586
vn 0.4170 -0.5536 0.7208
vn 0.2918 -0.7180 0.6320
vn 0.5110 -0.7336 0.4480
vn -0.0057 -0.7963 0.6049
vn 0.2996 -0.7963 0.5256
vn 0.0335 -0.8589 0.5111
vn -0.0291 -0.9528 0.3022
vn -0.2875 -0.9450 0.1562
vn -0.3109 -0.8119 0.4941
vn -0.4440 -0.6162 0.6505
vn -0.4518 -0.8667 0.2114
vn -0.5145 -0.7806 0.3550
vn -0.2170 -0.4362 0.8733
vn 0.4718 -0.2248 -0.8525
vn 0.6127 -0.0761 -0.7866
vn 0.6754 0.1666 -0.7184
vn 0.8945 0.1039 -0.4348
vn 0.3544 -0.2248 -0.9077
vn 0.1666 -0.2327 -0.9582
vn 0.1118 -0.2640 -0.9580
vn 0.1274 -0.3814 -0.9156
vn 0.1900 -0.4675 -0.8633
vn 0.1587 -0.5301 -0.8329
vn 0.0961 -0.5849 -0.8054
vn -0.1074 -0.7571 -0.6444
vn -0.1700 -0.8667 -0.4690
vn -0.2796 -0.9528 -0.1182
vn -0.3102 -0.9507 0.0000
vn -0.4753 -0.8354 0.2760
vn -0.5301 -0.7493 0.3969
vn -0.5066 -0.5145 0.6919
vn -0.4597 -0.2796 0.8429
vn -0.3736 0.0961 0.9226
vn -0.3579 0.2683 0.8944
vn -0.2718 0.4014 0.8747
vn -0.2248 0.4405 0.8691
vn -0.2405 0.6206 0.7464
vn -0.1231 0.4014 0.9076
vn -0.1935 0.6832 0.7041
vn -0.4440 -0.2405 -0.8631
vn -0.6240 -0.0604 -0.7790
vn -0.7023 0.0178 -0.7116
vn -0.8276 0.3388 -0.4476
vn -0.3344 -0.2327 -0.9133
vn -0.1779 -0.2092 -0.9616
vn -0.8745 0.1039 -0.4737
vn -0.9685 0.2292 0.0978
vn -0.9058 0.4170 -0.0744
vn -0.8354 0.3936 0.3837
vn -0.7180 0.4797 0.5044
vn -0.4753 0.5658 0.6738
vn -0.3892 0.5658 0.7269
vn -0.1231 0.7223 0.6805
vn -0.1309 0.4953 0.8588
vn 0.0961 0.7223 0.6848
vn -0.2092 0.1900 -0.9592
vn -0.0839 -0.0057 -0.9965
vn -0.1309 -0.3814 -0.9151
vn -0.1466 -0.2405 -0.9595
vn -0.1700 -0.4753 -0.8632
vn -0.1466 -0.5379 -0.8301
vn -0.0996 -0.5849 -0.8050
vn 0.0805 -0.7415 -0.6662
vn 0.1666 -0.8667 -0.4702
vn 0.2918 -0.9450 -0.1479
vn 0.3305 -0.9438 0.0000
vn 0.4718 -0.8510 0.2304
vn 0.5188 -0.7649 0.3817
vn 0.4953 -0.4910 0.7167
vn 0.4640 -0.2561 0.8480
vn 0.3779 0.0961 0.9208
vn 0.3857 0.2292 0.8937
vn 0.2761 0.4014 0.8733
vn 0.2292 0.4327 0.8719
vn 0.1666 0.4640 0.8700
vn 0.1196 0.4014 0.9081
vn 0.0335 0.3779 0.9252
vn -0.0213 0.4092 0.9122
vn -0.1700 0.2683 0.9482
vn 0.1274 0.4875 0.8638
vn 0.0022 0.3936 0.9193
vn -0.0604 0.3622 0.9301
vn 0.2213 0.5658 0.7943
vn 0.3857 0.5658 0.7288
vn 0.4797 0.5658 0.6707
vn 0.7145 0.4875 0.5018
vn 0.8397 0.3936 0.3741
vn 0.9728 0.2292 0.0335
vn 0.9848 0.1737 0.0000
vn 0.7536 0.4170 -0.5080
vn -0.2640 0.8163 -0.5139
vn -0.0918 0.7771 -0.6226
vn -0.1935 0.8789 -0.4360
vn -0.2875 0.7223 -0.6290
vn -0.4753 0.7301 -0.4909
vn -0.3657 0.8945 -0.2570
vn -0.2092 0.9493 -0.2346
vn -0.4597 0.5736 -0.6780
vn -0.6475 0.5423 -0.5354
vn -0.6319 0.4170 -0.6533
vn -0.7728 0.3857 -0.5040
vn -0.8197 0.2213 -0.5282
vn -0.8824 0.2918 -0.3692
vn -0.7884 0.5658 -0.2414
vn -0.6945 0.6675 -0.2685
vn -0.5536 0.8006 -0.2293
vn -0.6788 0.7223 -0.1320
vn -0.5066 0.8397 -0.1954
vn -0.3579 0.9102 -0.2085
vn -0.2013 0.9572 -0.2081
vn -0.9215 0.1431 -0.3611
vn -0.9215 0.2448 -0.3015
vn -0.9528 0.1822 -0.2428
vn -0.9215 0.3231 -0.2155
vn -0.9293 0.3388 -0.1470
vn -0.8510 0.5031 -0.1502
vn -0.8197 0.5658 -0.0891
vn -0.6084 0.7928 -0.0371
vn -0.4753 0.8397 -0.2625
vn -0.6867 0.7067 -0.1706
vn -0.8745 0.4797 -0.0716
vn -0.8902 0.3857 -0.2425
vn -0.8745 0.3544 -0.3310
vn -0.4440 0.8945 -0.0517
vn -0.3579 0.9180 -0.1708
vn -0.8510 0.4484 -0.2733
vn -0.8510 0.4327 -0.2975
vn -0.8041 0.5658 -0.1827
vn -0.8824 0.4014 -0.2456
vn -0.8902 0.4484 -0.0809
vn -0.8978 0.4404 0.0000
vn -0.8786 0.4776 0.0000
vn -0.7720 0.6356 0.0000
vn -0.5066 0.8554 -0.1078
vn -0.8735 0.4869 0.0000
vn -0.8818 0.4716 0.0000
vn -0.7649 0.6362 -0.1005
vn -0.7243 0.6895 0.0000
vn -0.7166 0.6975 0.0000
vn -0.7258 0.6675 -0.1662
vn -0.6867 0.6988 -0.2003
vn -0.8041 0.4640 -0.3717
vn -0.7571 0.6284 -0.1786
vn -0.8119 0.4797 -0.3328
vn -0.8589 0.3388 -0.3842
vn -0.4831 0.8710 -0.0886
vn -0.3109 0.9415 -0.1300
vn -0.1544 0.9806 -0.1205
vn -0.0370 0.9806 -0.1923
vn 0.0335 0.9885 -0.1477
vn 0.1822 0.9572 -0.2251
vn 0.0100 0.9650 -0.2621
vn 0.2057 0.9337 -0.2932
vn 0.3388 0.9102 -0.2383
vn -0.0918 0.9728 -0.2127
vn -0.0135 0.9728 -0.2312
vn 0.1039 0.9728 -0.2070
vn -0.1231 0.9180 -0.3770
vn 0.1979 0.9024 -0.3829
vn -0.0057 0.9493 -0.3142
vn 0.1118 0.9493 -0.2938
vn 0.0100 0.8554 -0.5179
vn -0.0996 0.8163 -0.5690
vn 0.0257 0.8397 -0.5424
vn 0.1039 0.8084 -0.5793
vn -0.1309 0.7615 -0.6349
vn 0.0100 0.7693 -0.6388
vn -0.2092 0.8397 -0.5011
vn -0.0213 0.8632 -0.5044
vn -0.0213 0.9493 -0.3136
vn 0.0178 0.8632 -0.5045
vn -0.2561 0.8632 -0.4350
vn -0.2092 0.9258 -0.3147
vn -0.0135 0.8867 -0.4621
vn -0.1387 0.9650 -0.2226
vn 0.1509 0.8397 -0.5216
vn 0.0726 0.9572 -0.2803
vn 0.0805 0.9963 -0.0305
vn 0.2918 0.8867 -0.3586
vn 0.3153 0.9258 -0.2084
vn 0.2761 0.9493 -0.1501
vn -0.7649 0.4640 -0.4467
vn -0.5771 0.7536 -0.3147
vn 0.5110 0.8241 -0.2445
vn 0.4562 0.8710 -0.1821
vn 0.6519 0.7380 -0.1745
vn 0.5266 0.8476 -0.0655
vn 0.5266 0.8397 -0.1323
vn 0.4875 0.8710 -0.0602
vn 0.6910 0.7145 -0.1095
vn 0.3075 0.9493 0.0652
vn 0.8397 0.5188 -0.1603
vn 0.8710 0.4797 -0.1058
vn 0.8554 0.5031 -0.1231
vn 0.9102 0.3466 -0.2268
vn 0.9493 0.2683 -0.1637
vn 0.8789 0.3779 -0.2911
vn 0.8945 0.4014 -0.1967
vn 0.9180 0.2683 -0.2920
vn 0.9493 0.1587 -0.2713
vn 0.8710 0.3857 -0.3041
vn 0.8945 0.2448 -0.3740
vn 0.8945 0.1587 -0.4179
vn 0.8397 0.4640 -0.2820
vn 0.8397 0.4953 -0.2225
vn 0.8163 0.3779 -0.4369
vn 0.7536 0.2996 -0.5850
vn 0.8006 0.5893 -0.1087
vn 0.6597 0.5501 -0.5120
vn 0.5814 0.4797 -0.6572
vn 0.7067 0.6675 -0.2346
vn 0.4953 0.6832 -0.5366
vn 0.4014 0.6362 -0.6589
vn 0.5110 0.8163 -0.2695
vn 0.3231 0.8319 -0.4511
vn 0.2057 0.7380 -0.6427
vn 0.5266 0.8319 -0.1749
vn 0.1587 0.8397 -0.5193
vn 0.0022 0.8476 -0.5307
vn -0.4127 0.8163 -0.4042
vn -0.0370 0.5188 -0.8541
vn 0.1118 0.5971 -0.7944
vn 0.3388 0.9180 -0.2061
vn 0.3701 0.9258 -0.0766
vn 0.2057 0.9728 -0.1065
vn 0.1509 0.9885 -0.0130
vn -0.0370 0.9963 -0.0777
vn 0.2996 0.9493 0.0949
vn 0.5186 0.8550 0.0000
vn -0.1935 0.9806 -0.0300
vn -0.3647 0.9311 0.0000
vn -0.5684 0.8228 0.0000
vn 0.5579 0.8241 -0.0979
vn 0.7145 0.6754 -0.1827
vn 0.6519 0.7458 -0.1372
vn -0.7415 0.5658 -0.3608
vn 0.7223 0.6832 -0.1073
vn 0.7928 0.5893 -0.1559
vn 0.7301 0.6597 -0.1780
vn 0.7524 0.6587 0.0000
vn 0.7301 0.6675 -0.1459
vn 0.8084 0.4797 -0.3411
vn 0.7223 0.6362 -0.2711
vn 0.8397 0.4562 -0.2945
vn 0.9258 0.2292 -0.3005
vn 0.8241 0.4014 -0.3997
vn 0.9102 0.2448 -0.3341
vn 0.9728 0.1274 -0.1934
vn 0.7771 0.4562 -0.4336
vn 0.8710 0.3309 -0.3630
vn 0.8945 0.2761 -0.3515
vn 0.9415 0.1979 -0.2728
vn 0.9024 0.3388 -0.2664
vn 0.9885 0.1196 -0.0929
vn 0.9885 0.0648 -0.1369
vn 0.9946 0.1038 0.0000
vn 0.9806 0.1900 -0.0473
vn 0.9493 0.2448 -0.1971
vn 0.9415 0.2840 -0.1815
vn 0.9415 0.2918 -0.1686
vn 0.8945 0.3622 -0.2619
vn 0.8945 0.3388 -0.2916
vn 0.8867 0.3622 -0.2873
vn 0.8867 0.3388 -0.3146
vn -0.1700 0.9572 -0.2344
vn -0.2483 0.9258 0.2849
vn -0.3501 0.7928 0.4990
vn -0.3344 0.8710 -0.3598
vn -0.1622 0.9337 -0.3193
vn -0.1309 0.8241 -0.5511
vn -0.2327 0.9572 -0.1724
vn -0.0213 0.8710 -0.4907
vn -0.4675 0.8476 -0.2512
vn 0.0100 0.8632 -0.5047
vn 0.0257 0.9885 -0.1493
vn -0.2639 0.9646 0.0000
vn 0.1744 0.9415 -0.2884
vn 0.0022 0.9024 -0.4310
vn -0.0683 0.8632 -0.5002
vn 0.1196 0.9415 -0.3151
vn 0.0570 0.9024 -0.4272
vn 0.3936 0.7458 -0.5375
vn 0.0883 0.7301 -0.6776
vn 0.0335 0.9728 -0.2292
vn 0.2683 0.9493 -0.1637
vn 0.5501 0.8241 -0.1351
vn 0.7849 0.6049 -0.1340
vn 0.7845 0.6202 0.0000
vn 0.7615 0.6284 -0.1591
vn 0.8778 0.4791 0.0000
vn 0.8860 0.4636 0.0000
vn 0.8867 0.4484 -0.1129
vn 0.8986 0.4387 0.0000
vn 0.8632 0.5031 0.0412
vn 0.7301 0.6832 -0.0119
vn 0.8945 0.4405 -0.0758
vn 0.7380 0.6675 -0.0990
vn 0.8789 0.4718 -0.0703
vn 0.8554 0.5110 -0.0849
vn -0.0683 0.8945 0.4418
vn 0.2605 0.9258 0.2738
vn 0.5345 0.4875 -0.6904
vn 0.6519 0.5501 -0.5220
vn 0.0726 0.8554 -0.5129
vn -0.0291 0.9180 -0.3955
vn 0.2213 0.8554 -0.4683
vn 0.2916 0.9565 0.0000
vn 0.4092 0.9102 0.0641
vn 0.4562 0.8789 0.1396
vn 0.2292 0.9728 -0.0335
vn 0.2605 0.9650 -0.0310
vn 0.2840 0.9572 -0.0567
vn 0.2918 0.9493 -0.1168
vn 0.2996 0.9415 -0.1543
vn 0.3075 0.9415 -0.1380
vn 0.2761 0.8554 -0.4382
vn 0.3153 0.9337 -0.1699
vn 0.4640 0.8789 -0.1108
vn 0.4562 0.7693 -0.4473
vn 0.4405 0.7928 -0.4212
vn 0.3153 0.4327 -0.8446
vn 0.3544 0.3936 -0.8482
vn 0.1587 0.1979 -0.9673
vn 0.0648 0.1666 -0.9839
vn 0.0491 0.0726 -0.9961
vn -0.0135 0.0726 -0.9973
vn -0.0213 0.2292 -0.9732
vn -0.0761 0.4562 -0.8866
vn -0.0604 0.6988 -0.7127
vn -0.0604 0.7771 -0.6264
vn -0.0213 0.9024 -0.4305
vn 0.0491 0.9415 -0.3334
vn 0.1196 0.9885 0.0929
vn 0.0022 0.9102 0.4142
vn -0.0761 0.8319 0.5497
vn -0.2405 0.6519 0.7192
vn -0.2640 0.5423 0.7977
vn -0.4597 0.0726 0.8851
vn -0.3892 0.0335 0.9205
vn -0.5379 -0.3031 0.7866
vn -0.6084 -0.2561 0.7512
vn -0.5145 -0.2875 0.8079
vn -0.4675 -0.2875 0.8360
vn -0.4675 -0.2092 0.8589
vn -0.4518 -0.1466 0.8800
vn -0.3657 -0.0135 0.9306
vn -0.1935 -0.0135 0.9810
vn 0.0022 0.0022 1.0000
vn 0.0883 0.0022 0.9961
vn 0.0570 0.0726 0.9957
vn 0.0100 0.1274 0.9918
vn -0.0057 0.1900 0.9818
vn -0.0135 0.1196 0.9927
vn 0.0100 0.2996 0.9540
vn 0.0100 0.3075 0.9515
vn 0.0100 0.1979 0.9802
vn -0.0135 0.1352 0.9907
vn -0.0291 0.1352 0.9904
vn -0.0761 0.0491 0.9959
vn -0.1074 -0.0448 0.9932
vn -0.0761 -0.0839 0.9936
vn -0.2483 -0.3501 0.9032
vn 0.0491 -0.1387 0.9891
vn 0.2605 -0.0996 0.9603
vn 0.0335 -0.3657 0.9301
vn -0.2875 0.9572 0.0351
vn -0.4049 0.9102 0.0874
vn -0.4518 0.8867 0.0980
vn -0.2326 0.9726 0.0000
vn -0.2796 0.9493 -0.1435
vn -0.2718 0.9493 -0.1578
vn -0.2953 0.9493 -0.1077
vn -0.3031 0.9415 -0.1473
vn -0.2875 0.9493 -0.1271
vn -0.3188 0.9337 -0.1633
vn -0.3188 0.9258 -0.2030
vn -0.3501 0.9180 -0.1863
vn -0.3109 0.9180 -0.2461
vn -0.2718 0.9180 -0.2887
vn -0.4817 0.8763 0.0000
vn -0.4675 0.8789 -0.0950
vn -0.4597 0.7693 -0.4437
vn -0.4440 0.7615 -0.4723
vn -0.3188 0.4327 -0.8433
vn -0.3657 0.4562 -0.8113
vn -0.1700 0.2057 -0.9637
vn -0.0683 0.1352 -0.9885
vn -0.0448 0.0805 -0.9958
vn 0.0178 0.0648 -0.9977
vn 0.0178 0.2761 -0.9610
vn 0.0805 0.4562 -0.8862
vn 0.0413 0.7380 -0.6736
vn 0.1039 0.7223 -0.6837
vn -0.0213 0.9258 -0.3773
vn 0.0022 0.9102 -0.4142
vn -0.0761 0.9963 -0.0401
vn -0.1152 0.9806 0.1583
vn -0.0057 0.9102 0.4142
vn 0.0805 0.8319 0.5490
vn 0.2370 0.6597 0.7132
vn 0.3309 0.5971 0.7307
vn 0.5110 0.1196 0.8512
vn 0.4953 0.1509 0.8555
vn 0.1118 0.2370 -0.9651
vn 0.2918 0.7536 -0.5890
vn 0.0570 0.0413 -0.9975
vn 0.0570 -0.2170 -0.9745
vn 0.1039 -0.2561 -0.9610
vn 0.0883 -0.2718 -0.9583
vn 0.0805 -0.2875 -0.9544
vn 0.0726 -0.3422 -0.9368
vn 0.0648 -0.3109 -0.9482
vn 0.0648 -0.4127 -0.9086
vn 0.0570 -0.4205 -0.9055
vn 0.0100 -0.1309 -0.9913
vn 0.0491 -0.0683 -0.9965
vn 0.0335 -0.0839 -0.9959
vn 0.0648 -0.1074 -0.9921
vn -0.0683 -0.2405 -0.9682
vn -0.1152 -0.2561 -0.9597
vn -0.0839 -0.3344 -0.9387
vn -0.0683 -0.3031 -0.9505
vn -0.0683 -0.4049 -0.9118
vn -0.0683 -0.4205 -0.9047
vn -0.0135 -0.3892 -0.9210
vn 0.0178 -0.3970 -0.9176
vn 0.5110 -0.2875 0.8101
vn 0.5266 -0.2953 0.7972
vn 0.4953 -0.2796 0.8225
vn 0.6127 -0.2718 0.7421
vn 0.5110 -0.1779 0.8410
vn 0.4405 -0.1779 0.8799
vn -0.9685 0.1666 -0.1853
vn -0.9919 0.1274 0.0000
vn -0.9841 0.0883 -0.1540
vn -0.9528 0.2527 -0.1683
vn -0.9606 0.1352 -0.2427
vn -0.9685 0.0961 -0.2299
vn -0.8980 0.3231 -0.2986
vn -0.9137 0.3466 -0.2123
vn -0.9606 0.1431 -0.2381
vn -0.8980 0.2605 -0.3546
vn -0.8902 0.3388 -0.3046
vn -0.9763 0.1900 -0.1037
vn -0.9450 0.2761 -0.1754
vn -0.8980 0.3544 -0.2607
vn -0.8902 0.3544 -0.2863
vn -0.8980 0.3466 -0.2710
vn -0.8824 0.3466 -0.3183
vn -0.9058 0.3466 -0.2436
vn -0.9058 0.3309 -0.2645
vn -0.9058 0.3231 -0.2740
vn -0.8197 0.3857 -0.4234
vn -0.8824 0.4640 -0.0784
vn -0.8432 0.5188 -0.1408
vn -0.7728 0.6049 -0.1921
vn -0.6632 0.6362 -0.3942
vn -0.5458 0.7615 -0.3497
vn -0.5379 0.8241 -0.1775
vn -0.3031 0.9180 -0.2557
vn -0.2640 0.9415 -0.2095
vn -0.5301 0.8397 -0.1176
vn -0.0448 0.9650 -0.2585
vn -0.7493 0.6597 -0.0580
vn -0.2640 0.9493 -0.1706
vn -0.0057 0.9728 -0.2315
vn -0.0057 0.9885 -0.1514
vn 0.2683 0.9415 -0.2039
vn 0.2135 0.9415 -0.2607
vn 0.4953 0.8397 -0.2225
vn 0.2057 0.3936 -0.8960
vn 0.2683 0.3231 -0.9075
vn -0.1466 0.9024 -0.4053
# 696 vertex normals

vt 0.9002 0.7883 0.0000
vt 0.8838 0.7593 0.0000
vt 0.8818 0.7815 0.0000
vt 0.8703 0.7805 0.0000
vt 0.9050 0.7593 0.0000
vt 0.9021 0.7352 0.0000
vt 0.8915 0.8220 0.0000
vt 0.8741 0.8027 0.0000
vt 0.8625 0.7960 0.0000
vt 0.8780 0.7420 0.0000
vt 0.9031 0.7149 0.0000
vt 0.8722 0.7593 0.0000
vt 0.8490 0.7101 0.0000
vt 0.8635 0.7313 0.0000
vt 0.8394 0.7265 0.0000
vt 0.9031 0.6735 0.0000
vt 0.8683 0.7458 0.0000
vt 0.8596 0.7400 0.0000
vt 0.8008 0.7092 0.0000
vt 0.8047 0.7246 0.0000
vt 0.7883 0.7256 0.0000
vt 0.8548 0.6706 0.0000
vt 0.9050 0.5915 0.0000
vt 0.8384 0.7352 0.0000
vt 0.8047 0.7342 0.0000
vt 0.7603 0.7111 0.0000
vt 0.7767 0.7275 0.0000
vt 0.7641 0.7352 0.0000
vt 0.8008 0.6696 0.0000
vt 0.8539 0.5905 0.0000
vt 0.9088 0.5432 0.0000
vt 0.7873 0.7342 0.0000
vt 0.7796 0.7371 0.0000
vt 0.7207 0.7120 0.0000
vt 0.7207 0.7313 0.0000
vt 0.6802 0.7111 0.0000
vt 0.7584 0.6677 0.0000
vt 0.7207 0.6657 0.0000
vt 0.7516 0.7506 0.0000
vt 0.7709 0.7429 0.0000
vt 0.6764 0.7362 0.0000
vt 0.6628 0.7284 0.0000
vt 0.6397 0.7092 0.0000
vt 0.6821 0.6677 0.0000
vt 0.6821 0.5915 0.0000
vt 0.6387 0.6677 0.0000
vt 0.5818 0.7092 0.0000
vt 0.6320 0.7256 0.0000
vt 0.6503 0.7265 0.0000
vt 0.5953 0.7256 0.0000
vt 0.5702 0.7284 0.0000
vt 0.5326 0.7082 0.0000
vt 0.5837 0.6677 0.0000
vt 0.5876 0.5876 0.0000
vt 0.5355 0.6667 0.0000
vt 0.5114 0.7082 0.0000
vt 0.5548 0.7371 0.0000
vt 0.5317 0.7294 0.0000
vt 0.5104 0.7188 0.0000
vt 0.5268 0.7526 0.0000
vt 0.5471 0.7535 0.0000
vt 0.5481 0.7757 0.0000
vt 0.5085 0.7516 0.0000
vt 0.5297 0.7834 0.0000
vt 0.5567 0.7969 0.0000
vt 0.5124 0.7873 0.0000
vt 0.5394 0.8172 0.0000
vt 0.5210 0.8172 0.0000
vt 0.5394 0.5866 0.0000
vt 0.5133 0.6657 0.0000
vt 0.5809 0.8201 0.0000
vt 0.5818 0.8076 0.0000
vt 0.5490 0.8500 0.0000
vt 0.5307 0.8471 0.0000
vt 0.6108 0.8201 0.0000
vt 0.6108 0.8085 0.0000
vt 0.5828 0.8539 0.0000
vt 0.5452 0.8703 0.0000
vt 0.5326 0.8654 0.0000
vt 0.6484 0.8153 0.0000
vt 0.6474 0.8037 0.0000
vt 0.6146 0.8567 0.0000
vt 0.6802 0.8114 0.0000
vt 0.6725 0.7989 0.0000
vt 0.6841 0.7902 0.0000
vt 0.6503 0.8548 0.0000
vt 0.7217 0.8114 0.0000
vt 0.7217 0.7940 0.0000
vt 0.7622 0.8133 0.0000
vt 0.6821 0.8529 0.0000
vt 0.7217 0.8567 0.0000
vt 0.6928 0.7738 0.0000
vt 0.7584 0.7912 0.0000
vt 0.7699 0.8018 0.0000
vt 0.7921 0.8191 0.0000
vt 0.7584 0.8548 0.0000
vt 0.7545 0.8924 0.0000
vt 0.7670 0.7854 0.0000
vt 0.7931 0.8085 0.0000
vt 0.8268 0.8249 0.0000
vt 0.7892 0.8577 0.0000
vt 0.7844 0.8934 0.0000
vt 0.7748 0.7931 0.0000
vt 0.8259 0.8143 0.0000
vt 0.8539 0.8259 0.0000
vt 0.8220 0.8596 0.0000
vt 0.8182 0.8944 0.0000
vt 0.7950 0.8008 0.0000
vt 0.8519 0.8133 0.0000
vt 0.8529 0.8567 0.0000
vt 0.8481 0.9050 0.0000
vt 0.8847 0.8529 0.0000
vt 0.8268 0.8056 0.0000
vt 0.8490 0.8037 0.0000
vt 0.8886 0.8722 0.0000
vt 0.8645 0.9233 0.0000
vt 0.8982 0.8905 0.0000
vt 0.8828 0.9474 0.0000
vt 0.9127 0.9040 0.0000
vt 0.8934 0.9696 0.0000
vt 0.9320 0.9185 0.0000
vt 0.9407 0.9638 0.0000
vt 0.9474 0.9494 0.0000
vt 0.9474 0.9330 0.0000
vt 0.9069 0.9793 0.0000
vt 0.9272 0.9773 0.0000
vt 0.8741 0.9494 0.0000
vt 0.8577 0.9291 0.0000
vt 0.8867 0.9715 0.0000
vt 0.8944 0.9841 0.0000
vt 0.9088 0.9850 0.0000
vt 0.9301 0.9822 0.0000
vt 0.9465 0.9696 0.0000
vt 0.9551 0.9523 0.0000
vt 0.9561 0.9359 0.0000
vt 0.9542 0.9262 0.0000
vt 0.9378 0.9108 0.0000
vt 0.9195 0.8944 0.0000
vt 0.9069 0.8818 0.0000
vt 0.9011 0.8674 0.0000
vt 0.9021 0.8500 0.0000
vt 0.9088 0.8211 0.0000
vt 0.9166 0.7931 0.0000
vt 0.9223 0.7593 0.0000
vt 0.9233 0.7275 0.0000
vt 0.9233 0.7169 0.0000
vt 0.9252 0.6744 0.0000
vt 0.9233 0.5895 0.0000
vt 0.9214 0.5413 0.0000
vt 0.9098 0.5317 0.0000
vt 0.9204 0.5345 0.0000
vt 0.8490 0.5326 0.0000
vt 0.8500 0.5413 0.0000
vt 0.7998 0.5915 0.0000
vt 0.7593 0.5924 0.0000
vt 0.7969 0.5471 0.0000
vt 0.7969 0.5345 0.0000
vt 0.7207 0.5915 0.0000
vt 0.7593 0.5509 0.0000
vt 0.7584 0.5355 0.0000
vt 0.7217 0.5481 0.0000
vt 0.7217 0.5345 0.0000
vt 0.6841 0.5345 0.0000
vt 0.6831 0.5500 0.0000
vt 0.6445 0.5461 0.0000
vt 0.6445 0.5336 0.0000
vt 0.6416 0.5905 0.0000
vt 0.6175 0.5394 0.0000
vt 0.6185 0.5317 0.0000
vt 0.5924 0.5403 0.0000
vt 0.5915 0.5317 0.0000
vt 0.5394 0.5326 0.0000
vt 0.5394 0.5413 0.0000
vt 0.5220 0.5828 0.0000
vt 0.5278 0.5394 0.0000
vt 0.6194 0.8934 0.0000
vt 0.5886 0.9040 0.0000
vt 0.6214 0.9040 0.0000
vt 0.6542 0.8915 0.0000
vt 0.6542 0.9021 0.0000
vt 0.6841 0.8915 0.0000
vt 0.6850 0.9011 0.0000
vt 0.7178 0.8915 0.0000
vt 0.7178 0.9031 0.0000
vt 0.5355 0.8895 0.0000
vt 0.5268 0.8799 0.0000
vt 0.5702 0.9233 0.0000
vt 0.5210 0.9031 0.0000
vt 0.5143 0.8934 0.0000
vt 0.5519 0.9474 0.0000
vt 0.5017 0.9185 0.0000
vt 0.5770 0.9291 0.0000
vt 0.4960 0.9108 0.0000
vt 0.5403 0.9706 0.0000
vt 0.4921 0.9648 0.0000
vt 0.5606 0.9503 0.0000
vt 0.5056 0.9783 0.0000
vt 0.5268 0.9793 0.0000
vt 0.5471 0.9735 0.0000
vt 0.5249 0.9860 0.0000
vt 0.5394 0.9831 0.0000
vt 0.5037 0.9831 0.0000
vt 0.4863 0.9330 0.0000
vt 0.4854 0.9494 0.0000
vt 0.4863 0.9706 0.0000
vt 0.4776 0.9523 0.0000
vt 0.4796 0.9262 0.0000
vt 0.4767 0.9359 0.0000
vt 0.7844 0.9040 0.0000
vt 0.7526 0.9031 0.0000
vt 0.8162 0.9040 0.0000
vt 0.8413 0.9127 0.0000
vt 0.5963 0.9127 0.0000
vt 0.6686 0.7902 0.0000
vt 0.6773 0.7834 0.0000
vt 0.6841 0.7719 0.0000
vt 0.6474 0.7950 0.0000
vt 0.6108 0.7979 0.0000
vt 0.5847 0.7969 0.0000
vt 0.5693 0.7892 0.0000
vt 0.5596 0.7748 0.0000
vt 0.5587 0.7545 0.0000
vt 0.5635 0.7429 0.0000
vt 0.5731 0.7381 0.0000
vt 0.5963 0.7342 0.0000
vt 0.6320 0.7352 0.0000
vt 0.6503 0.7362 0.0000
vt 0.6600 0.7381 0.0000
vt 0.6696 0.7439 0.0000
vt 0.6831 0.7593 0.0000
vt 0.6908 0.7516 0.0000
vt 0.6860 0.7651 0.0000
vt 0.7207 0.7516 0.0000
vt 0.6928 0.7622 0.0000
vt 0.7207 0.7632 0.0000
vt 0.7217 0.7757 0.0000
vt 0.7497 0.7738 0.0000
vt 0.7497 0.7612 0.0000
vt 0.7593 0.7574 0.0000
vt 0.7593 0.7728 0.0000
vt 0.7574 0.7641 0.0000
vt 0.6657 0.7844 0.0000
vt 0.6735 0.7786 0.0000
vt 0.6474 0.7892 0.0000
vt 0.6117 0.7912 0.0000
vt 0.5876 0.7892 0.0000
vt 0.5731 0.7834 0.0000
vt 0.5645 0.7719 0.0000
vt 0.5654 0.7555 0.0000
vt 0.5693 0.7487 0.0000
vt 0.5760 0.7439 0.0000
vt 0.5953 0.7400 0.0000
vt 0.6320 0.7410 0.0000
vt 0.6503 0.7400 0.0000
vt 0.7709 0.7796 0.0000
vt 0.7641 0.7690 0.0000
vt 0.7786 0.7873 0.0000
vt 0.7622 0.7632 0.0000
vt 0.7632 0.7593 0.0000
vt 0.7738 0.7468 0.0000
vt 0.7815 0.7400 0.0000
vt 0.7883 0.7371 0.0000
vt 0.7950 0.7950 0.0000
vt 0.8259 0.7998 0.0000
vt 0.8461 0.7979 0.0000
vt 0.8577 0.7902 0.0000
vt 0.8645 0.7776 0.0000
vt 0.8654 0.7593 0.0000
vt 0.8625 0.7506 0.0000
vt 0.8567 0.7458 0.0000
vt 0.8384 0.7400 0.0000
vt 0.8047 0.7391 0.0000
vt 0.6580 0.7420 0.0000
vt 0.6667 0.7487 0.0000
vt 0.6792 0.7612 0.0000
vt 0.6812 0.7651 0.0000
vt 0.6792 0.7699 0.0000
vt 0.2992 0.7950 0.0000
vt 0.2828 0.7854 0.0000
vt 0.2808 0.7892 0.0000
vt 0.3011 0.7912 0.0000
vt 0.3339 0.7969 0.0000
vt 0.2972 0.8066 0.0000
vt 0.2760 0.8018 0.0000
vt 0.3339 0.7902 0.0000
vt 0.3570 0.7950 0.0000
vt 0.3570 0.7902 0.0000
vt 0.3744 0.7902 0.0000
vt 0.3725 0.7854 0.0000
vt 0.3870 0.7757 0.0000
vt 0.3802 0.8076 0.0000
vt 0.3599 0.8076 0.0000
vt 0.3339 0.8095 0.0000
vt 0.3532 0.8432 0.0000
vt 0.3291 0.8461 0.0000
vt 0.2972 0.8452 0.0000
vt 0.2722 0.8452 0.0000
vt 0.3812 0.7738 0.0000
vt 0.3937 0.7574 0.0000
vt 0.3879 0.7574 0.0000
vt 0.3898 0.7448 0.0000
vt 0.3860 0.7477 0.0000
vt 0.3821 0.7381 0.0000
vt 0.3783 0.7429 0.0000
vt 0.3590 0.7352 0.0000
vt 0.3570 0.7410 0.0000
vt 0.3204 0.7352 0.0000
vt 0.3609 0.7217 0.0000
vt 0.3976 0.7246 0.0000
vt 0.4082 0.7391 0.0000
vt 0.4111 0.7603 0.0000
vt 0.3204 0.7400 0.0000
vt 0.3021 0.7352 0.0000
vt 0.4024 0.7892 0.0000
vt 0.4294 0.7651 0.0000
vt 0.4169 0.7940 0.0000
vt 0.4362 0.7352 0.0000
vt 0.4381 0.7236 0.0000
vt 0.4410 0.6812 0.0000
vt 0.4140 0.6821 0.0000
vt 0.3696 0.6831 0.0000
vt 0.3252 0.6860 0.0000
vt 0.4419 0.5944 0.0000
vt 0.4207 0.5953 0.0000
vt 0.4429 0.5423 0.0000
vt 0.4062 0.8172 0.0000
vt 0.3754 0.8365 0.0000
vt 0.3995 0.8384 0.0000
vt 0.3792 0.8529 0.0000
vt 0.3532 0.8905 0.0000
vt 0.3725 0.9011 0.0000
vt 0.3985 0.8500 0.0000
vt 0.3927 0.8703 0.0000
vt 0.3918 0.9204 0.0000
vt 0.3271 0.8857 0.0000
vt 0.2963 0.8847 0.0000
vt 0.2654 0.8838 0.0000
vt 0.2355 0.8432 0.0000
vt 0.2345 0.8809 0.0000
vt 0.1988 0.8442 0.0000
vt 0.2355 0.8047 0.0000
vt 0.1959 0.8008 0.0000
vt 0.1747 0.8056 0.0000
vt 0.2606 0.7912 0.0000
vt 0.2355 0.7912 0.0000
vt 0.2114 0.7902 0.0000
vt 0.2548 0.7748 0.0000
vt 0.2635 0.7709 0.0000
vt 0.2365 0.7748 0.0000
vt 0.2181 0.7738 0.0000
vt 0.2644 0.7603 0.0000
vt 0.2529 0.7593 0.0000
vt 0.2365 0.7574 0.0000
vt 0.2191 0.7584 0.0000
vt 0.2596 0.7429 0.0000
vt 0.2365 0.7381 0.0000
vt 0.2085 0.7699 0.0000
vt 0.2075 0.7593 0.0000
vt 0.2017 0.7825 0.0000
vt 0.2046 0.7526 0.0000
vt 0.2056 0.7622 0.0000
vt 0.2027 0.7555 0.0000
vt 0.1902 0.7410 0.0000
vt 0.1892 0.7439 0.0000
vt 0.1988 0.7246 0.0000
vt 0.1786 0.7352 0.0000
vt 0.1786 0.7391 0.0000
vt 0.1767 0.7198 0.0000
vt 0.1709 0.7342 0.0000
vt 0.1950 0.6879 0.0000
vt 0.2046 0.7699 0.0000
vt 0.1496 0.7198 0.0000
vt 0.1525 0.7333 0.0000
vt 0.1140 0.7323 0.0000
vt 0.1487 0.6841 0.0000
vt 0.1535 0.5934 0.0000
vt 0.1525 0.7391 0.0000
vt 0.1149 0.7391 0.0000
vt 0.1709 0.7391 0.0000
vt 0.0908 0.7352 0.0000
vt 0.0937 0.7400 0.0000
vt 0.0754 0.7207 0.0000
vt 0.0821 0.7420 0.0000
vt 0.0869 0.7439 0.0000
vt 0.0638 0.7352 0.0000
vt 0.0368 0.7304 0.0000
vt 0.0783 0.7545 0.0000
vt 0.0850 0.7535 0.0000
vt 0.0609 0.7574 0.0000
vt 0.0435 0.7612 0.0000
vt 0.0850 0.7728 0.0000
vt 0.0908 0.7699 0.0000
vt 0.0696 0.7854 0.0000
vt 0.0551 0.7902 0.0000
vt 0.0976 0.7873 0.0000
vt 0.0995 0.7825 0.0000
vt 0.0648 0.8133 0.0000
vt 0.1140 0.7921 0.0000
vt 0.1149 0.7873 0.0000
vt 0.1120 0.8047 0.0000
vt 0.1371 0.7940 0.0000
vt 0.1381 0.7883 0.0000
vt 0.1381 0.8066 0.0000
vt 0.1728 0.7931 0.0000
vt 0.1709 0.7892 0.0000
vt 0.1419 0.8442 0.0000
vt 0.1911 0.7883 0.0000
vt 0.1979 0.7796 0.0000
vt 0.1892 0.7844 0.0000
vt 0.1738 0.8442 0.0000
vt 0.1738 0.8838 0.0000
vt 0.2046 0.8838 0.0000
vt 0.2046 0.8924 0.0000
vt 0.2345 0.8915 0.0000
vt 0.1738 0.8934 0.0000
vt 0.1439 0.8934 0.0000
vt 0.2654 0.8934 0.0000
vt 0.2953 0.8944 0.0000
vt 0.3262 0.8953 0.0000
vt 0.1429 0.8838 0.0000
vt 0.1188 0.8963 0.0000
vt 0.1178 0.8403 0.0000
vt 0.3503 0.8992 0.0000
vt 0.0956 0.8336 0.0000
vt 0.0918 0.8047 0.0000
vt 0.0908 0.8490 0.0000
vt 0.0715 0.8346 0.0000
vt 0.0715 0.8461 0.0000
vt 0.0657 0.8567 0.0000
vt 0.1159 0.8876 0.0000
vt 0.0773 0.8664 0.0000
vt 0.0561 0.8645 0.0000
vt 0.0966 0.8982 0.0000
vt 0.0638 0.8760 0.0000
vt 0.0358 0.8741 0.0000
vt 0.1004 0.9069 0.0000
vt 0.0821 0.9233 0.0000
vt 0.0773 0.9166 0.0000
vt 0.0426 0.8838 0.0000
vt 0.0628 0.9407 0.0000
vt 0.0242 0.8953 0.0000
vt 0.0156 0.8828 0.0000
vt 0.0098 0.8924 0.0000
vt 0.0059 0.9059 0.0000
vt 0.0194 0.9069 0.0000
vt 0.0185 0.9214 0.0000
vt 0.0078 0.9252 0.0000
vt 0.0252 0.9320 0.0000
vt 0.0175 0.9407 0.0000
vt 0.0570 0.9349 0.0000
vt 0.0435 0.9407 0.0000
vt 0.0377 0.9494 0.0000
vt 0.0541 0.9503 0.0000
vt 0.2943 0.7362 0.0000
vt 0.3011 0.7400 0.0000
vt 0.2963 0.7217 0.0000
vt 0.2741 0.7256 0.0000
vt 0.2779 0.6879 0.0000
vt 0.2365 0.7236 0.0000
vt 0.3233 0.7217 0.0000
vt 0.2818 0.7420 0.0000
vt 0.2943 0.7400 0.0000
vt 0.2837 0.7448 0.0000
vt 0.2683 0.7535 0.0000
vt 0.2693 0.7564 0.0000
vt 0.2673 0.7622 0.0000
vt 0.2673 0.7699 0.0000
vt 0.2133 0.7420 0.0000
vt 0.2365 0.6879 0.0000
vt 0.1979 0.5905 0.0000
vt 0.1583 0.5452 0.0000
vt 0.1053 0.5423 0.0000
vt 0.1072 0.5915 0.0000
vt 0.1053 0.5278 0.0000
vt 0.0503 0.5403 0.0000
vt 0.0541 0.5915 0.0000
vt 0.0329 0.5895 0.0000
vt 0.0484 0.5288 0.0000
vt 0.0329 0.6764 0.0000
vt 0.0599 0.6783 0.0000
vt 0.1043 0.6812 0.0000
vt 0.0348 0.7188 0.0000
vt 0.1120 0.7188 0.0000
vt 0.0348 0.5297 0.0000
vt 0.0339 0.5394 0.0000
vt 0.2741 0.7805 0.0000
vt 0.2702 0.7834 0.0000
vt 0.5133 0.8211 0.0000
vt 0.5037 0.7902 0.0000
vt 0.4998 0.7516 0.0000
vt 0.5017 0.7178 0.0000
vt 0.5027 0.7063 0.0000
vt 0.5056 0.6648 0.0000
vt 0.5143 0.5818 0.0000
vt 0.5239 0.5345 0.0000
vt 0.5220 0.8490 0.0000
vt 0.5249 0.8635 0.0000
vt 0.5210 0.8770 0.0000
vt 0.5104 0.8886 0.0000
vt 0.4921 0.9059 0.0000
vt 0.4738 0.9243 0.0000
vt 0.4690 0.9368 0.0000
vt 0.4699 0.9542 0.0000
vt 0.4815 0.9754 0.0000
vt 0.4998 0.9879 0.0000
vt 0.5239 0.9928 0.0000
vt 0.5413 0.9870 0.0000
vt 0.5519 0.9754 0.0000
vt 0.5664 0.9532 0.0000
vt 0.5818 0.9330 0.0000
vt 0.5982 0.9195 0.0000
vt 0.6223 0.9098 0.0000
vt 0.6542 0.9088 0.0000
vt 0.6860 0.9088 0.0000
vt 0.7178 0.9098 0.0000
vt 0.7516 0.9108 0.0000
vt 0.7844 0.9098 0.0000
vt 0.8153 0.9108 0.0000
vt 0.8394 0.9166 0.0000
vt 0.9243 0.7960 0.0000
vt 0.9166 0.8249 0.0000
vt 0.9310 0.7603 0.0000
vt 0.9320 0.7275 0.0000
vt 0.9320 0.7159 0.0000
vt 0.9330 0.6744 0.0000
vt 0.9310 0.5886 0.0000
vt 0.9272 0.5403 0.0000
vt 0.9233 0.5317 0.0000
vt 0.9098 0.8510 0.0000
vt 0.9088 0.8654 0.0000
vt 0.9127 0.8789 0.0000
vt 0.9233 0.8895 0.0000
vt 0.9416 0.9069 0.0000
vt 0.9600 0.9243 0.0000
vt 0.9648 0.9378 0.0000
vt 0.9629 0.9542 0.0000
vt 0.9523 0.9744 0.0000
vt 0.9339 0.9870 0.0000
vt 0.9098 0.9928 0.0000
vt 0.8934 0.9879 0.0000
vt 0.5384 0.5278 0.0000
vt 0.5915 0.5268 0.0000
vt 0.6194 0.5259 0.0000
vt 0.6445 0.5268 0.0000
vt 0.6850 0.5288 0.0000
vt 0.9098 0.5249 0.0000
vt 0.8500 0.5259 0.0000
vt 0.7979 0.5288 0.0000
vt 0.7574 0.5297 0.0000
vt 0.7217 0.5288 0.0000
vt 0.8683 0.9513 0.0000
vt 0.8818 0.9735 0.0000
vt 0.8915 0.9850 0.0000
vt 0.8539 0.9320 0.0000
vt 0.4448 0.9002 0.0000
vt 0.4593 0.8982 0.0000
vt 0.4545 0.8886 0.0000
vt 0.4497 0.9127 0.0000
vt 0.4275 0.8886 0.0000
vt 0.4342 0.8789 0.0000
vt 0.4111 0.9387 0.0000
vt 0.4506 0.9262 0.0000
vt 0.4149 0.8683 0.0000
vt 0.4062 0.8799 0.0000
vt 0.4043 0.8606 0.0000
vt 0.4632 0.9117 0.0000
vt 0.4612 0.9310 0.0000
vt 0.4429 0.9368 0.0000
vt 0.4246 0.9455 0.0000
vt 0.4140 0.9542 0.0000
vt 0.4294 0.9542 0.0000
vt 0.4506 0.9455 0.0000
vt 0.4053 0.9445 0.0000
vt 0.3870 0.9272 0.0000
vt 0.3686 0.9098 0.0000
vt 0.4304 0.5336 0.0000
vt 0.4265 0.5452 0.0000
vt 0.3715 0.5307 0.0000
vt 0.3715 0.5452 0.0000
vt 0.3435 0.5288 0.0000
vt 0.3185 0.5288 0.0000
vt 0.3185 0.5471 0.0000
vt 0.2760 0.5268 0.0000
vt 0.2770 0.5432 0.0000
vt 0.3223 0.5944 0.0000
vt 0.2384 0.5268 0.0000
vt 0.3686 0.5944 0.0000
vt 0.2779 0.5915 0.0000
vt 0.2384 0.5403 0.0000
vt 0.2374 0.5924 0.0000
vt 0.1998 0.5423 0.0000
vt 0.2008 0.5268 0.0000
vt 0.1593 0.5268 0.0000
# 593 texture coords

o default001
g default001
usemtl default
s 1
f 349/365/436 350/366/437 351/367/438 
f 350/366/437 352/368/439 351/367/438 
f 350/366/437 349/365/436 353/369/440 
f 354/370/441 350/366/437 353/369/440 
f 351/367/438 355/371/442 349/365/436 
f 355/371/442 351/367/438 356/372/443 
f 351/367/438 357/373/444 356/372/443 
f 357/373/444 351/367/438 352/368/439 
f 350/366/437 354/370/441 358/374/445 
f 359/375/446 358/374/445 354/370/441 
f 358/374/445 360/376/447 350/366/437 
f 352/368/439 350/366/437 360/376/447 
f 361/377/448 358/374/445 359/375/446 
f 358/374/445 361/377/448 362/378/449 
f 362/378/449 361/377/448 363/379/450 
f 364/380/451 361/377/448 359/375/446 
f 362/378/449 365/381/452 358/374/445 
f 360/376/447 358/374/445 365/381/452 
f 363/379/450 366/382/453 362/378/449 
f 365/381/452 362/378/449 366/382/453 
f 367/383/454 363/379/450 361/377/448 
f 363/379/450 367/383/454 368/384/455 
f 368/384/455 367/383/454 369/385/456 
f 370/386/457 367/383/454 361/377/448 
f 361/377/448 364/380/451 370/386/457 
f 371/387/458 370/386/457 364/380/451 
f 368/384/455 372/388/459 363/379/450 
f 366/382/453 363/379/450 372/388/459 
f 369/385/456 373/389/460 368/384/455 
f 372/388/459 368/384/455 373/389/460 
f 374/390/461 369/385/456 367/383/454 
f 369/385/456 374/390/461 375/391/462 
f 375/391/462 374/390/461 376/392/463 
f 377/393/464 374/390/461 367/383/454 
f 367/383/454 370/386/457 377/393/464 
f 378/394/465 377/393/464 370/386/457 
f 370/386/457 371/387/458 378/394/465 
f 379/395/466 378/394/465 371/387/458 
f 375/391/462 380/396/467 369/385/456 
f 373/389/460 369/385/456 380/396/467 
f 376/392/463 381/397/468 375/391/462 
f 380/396/467 375/391/462 381/397/468 
f 382/398/469 376/392/463 374/390/461 
f 376/392/463 382/398/469 383/399/470 
f 384/400/471 383/399/470 382/398/469 
f 385/401/472 382/398/469 374/390/461 
f 374/390/461 377/393/464 385/401/472 
f 386/402/473 384/400/471 382/398/469 
f 382/398/469 385/401/472 386/402/473 
f 383/399/470 387/403/474 376/392/463 
f 387/403/474 388/404/475 376/392/463 
f 383/399/470 384/400/471 389/405/476 
f 384/400/471 390/406/477 389/405/476 
f 391/407/478 390/406/477 384/400/471 
f 392/408/479 391/407/478 384/400/471 
f 384/400/471 386/402/473 392/408/479 
f 386/402/473 393/409/480 392/408/479 
f 393/409/480 394/410/481 392/408/479 
f 391/407/478 392/408/479 394/410/481 
f 394/410/481 395/411/482 391/407/478 
f 395/411/482 396/412/483 391/407/478 
f 391/407/478 396/412/483 397/413/484 
f 390/406/477 391/407/478 397/413/484 
f 396/412/483 395/411/482 398/414/485 
f 395/411/482 399/415/486 398/414/485 
f 400/416/487 399/415/486 395/411/482 
f 401/417/488 400/416/487 395/411/482 
f 395/411/482 394/410/481 401/417/488 
f 394/410/481 402/418/489 401/417/488 
f 402/418/489 403/419/490 401/417/488 
f 400/416/487 401/417/488 403/419/490 
f 403/419/490 404/420/491 400/416/487 
f 399/415/486 400/416/487 405/421/492 
f 405/421/492 400/416/487 406/422/493 
f 400/416/487 407/423/494 406/422/493 
f 407/423/494 400/416/487 404/420/491 
f 408/424/495 405/421/492 406/422/493 
f 405/421/492 408/424/495 409/425/496 
f 408/424/495 410/426/497 409/425/496 
f 406/422/493 411/427/498 408/424/495 
f 411/427/498 406/422/493 407/423/494 
f 410/426/497 408/424/495 412/428/499 
f 412/428/499 413/429/500 410/426/497 
f 408/424/495 414/430/501 412/428/499 
f 414/430/501 408/424/495 411/427/498 
f 413/429/500 412/428/499 415/431/502 
f 412/428/499 416/432/503 415/431/502 
f 416/432/503 412/428/499 414/430/501 
f 403/419/490 402/418/489 417/433/504 
f 417/433/504 418/434/505 403/419/490 
f 404/420/491 403/419/490 418/434/505 
f 419/435/506 413/429/500 415/431/502 
f 413/429/500 419/435/506 420/436/507 
f 421/437/508 419/435/506 415/431/502 
f 415/431/502 422/438/509 421/437/508 
f 422/438/509 415/431/502 416/432/503 
f 423/439/510 420/436/507 419/435/506 
f 420/436/507 423/439/510 424/440/511 
f 425/441/512 423/439/510 419/435/506 
f 419/435/506 421/437/508 425/441/512 
f 426/442/513 425/441/512 421/437/508 
f 421/437/508 427/443/514 426/442/513 
f 427/443/514 421/437/508 422/438/509 
f 428/444/515 424/440/511 423/439/510 
f 424/440/511 428/444/515 429/445/516 
f 430/446/517 428/444/515 423/439/510 
f 423/439/510 425/441/512 430/446/517 
f 431/447/518 429/445/516 428/444/515 
f 429/445/516 431/447/518 432/448/519 
f 431/447/518 433/449/520 432/448/519 
f 434/450/521 431/447/518 428/444/515 
f 428/444/515 430/446/517 434/450/521 
f 435/451/522 433/449/520 431/447/518 
f 433/449/520 435/451/522 436/452/523 
f 437/453/524 436/452/523 435/451/522 
f 438/454/525 435/451/522 431/447/518 
f 431/447/518 434/450/521 438/454/525 
f 439/455/526 437/453/524 435/451/522 
f 435/451/522 438/454/525 439/455/526 
f 436/452/523 440/456/527 433/449/520 
f 436/452/523 437/453/524 441/457/528 
f 441/457/528 437/453/524 442/458/529 
f 443/459/530 442/458/529 437/453/524 
f 444/460/531 443/459/530 437/453/524 
f 437/453/524 439/455/526 444/460/531 
f 439/455/526 445/461/532 444/460/531 
f 442/458/529 446/462/533 441/457/528 
f 442/458/529 443/459/530 447/463/534 
f 448/464/535 447/463/534 443/459/530 
f 449/465/534 448/464/535 443/459/530 
f 443/459/530 444/460/531 449/465/534 
f 444/460/531 450/466/536 449/465/534 
f 450/466/536 444/460/531 445/461/532 
f 447/463/534 451/467/537 442/458/529 
f 446/462/533 442/458/529 451/467/537 
f 447/463/534 448/464/535 452/468/538 
f 453/469/539 452/468/538 448/464/535 
f 454/470/540 453/469/539 448/464/535 
f 448/464/535 449/465/534 454/470/540 
f 449/465/534 455/471/541 454/470/540 
f 455/471/541 449/465/534 450/466/536 
f 452/468/538 456/472/534 447/463/534 
f 451/467/537 447/463/534 456/472/534 
f 452/468/538 453/469/539 457/473/542 
f 355/371/442 457/473/542 453/469/539 
f 458/474/543 355/371/442 453/469/539 
f 453/469/539 454/470/540 458/474/543 
f 454/470/540 459/475/544 458/474/543 
f 459/475/544 454/470/540 455/471/541 
f 459/475/544 460/476/545 458/474/543 
f 355/371/442 458/474/543 460/476/545 
f 457/473/542 461/477/546 452/468/538 
f 456/472/534 452/468/538 461/477/546 
f 457/473/542 355/371/442 356/372/443 
f 356/372/443 462/478/547 457/473/542 
f 461/477/546 457/473/542 462/478/547 
f 460/476/545 459/475/544 463/479/548 
f 464/480/549 463/479/548 459/475/544 
f 463/479/548 464/480/549 465/481/550 
f 466/482/551 465/481/550 464/480/549 
f 465/481/550 466/482/551 467/483/552 
f 468/484/553 467/483/552 466/482/551 
f 467/483/552 468/484/553 469/485/554 
f 470/486/555 469/485/554 468/484/553 
f 471/487/556 469/485/554 470/486/555 
f 469/485/554 471/487/556 472/488/557 
f 473/489/558 470/486/555 468/484/553 
f 470/486/555 473/489/558 474/490/559 
f 464/480/549 475/491/560 466/482/551 
f 475/491/560 464/480/549 476/492/561 
f 477/493/562 466/482/551 475/491/560 
f 466/482/551 477/493/562 468/484/553 
f 478/494/563 468/484/553 477/493/562 
f 468/484/553 478/494/563 473/489/558 
f 479/495/564 473/489/558 478/494/563 
f 480/496/565 473/489/558 479/495/564 
f 473/489/558 480/496/565 474/490/559 
f 481/497/566 474/490/559 480/496/565 
f 474/490/559 481/497/566 470/486/555 
f 482/498/567 470/486/555 481/497/566 
f 470/486/555 482/498/567 471/487/556 
f 483/499/568 471/487/556 482/498/567 
f 471/487/556 483/499/568 472/488/557 
f 484/500/569 472/488/557 483/499/568 
f 485/501/570 472/488/557 484/500/569 
f 472/488/557 485/501/570 469/485/554 
f 486/502/571 469/485/554 485/501/570 
f 469/485/554 486/502/571 467/483/552 
f 487/503/572 467/483/552 486/502/571 
f 467/483/552 487/503/572 465/481/550 
f 488/504/573 465/481/550 487/503/572 
f 465/481/550 488/504/573 463/479/548 
f 489/505/574 463/479/548 488/504/573 
f 463/479/548 489/505/574 460/476/545 
f 490/506/574 460/476/545 489/505/574 
f 460/476/545 490/506/574 355/371/442 
f 491/507/575 355/371/442 490/506/574 
f 355/371/442 491/507/575 349/365/436 
f 492/508/576 349/365/436 491/507/575 
f 349/365/436 492/508/576 353/369/440 
f 493/509/577 353/369/440 492/508/576 
f 353/369/440 493/509/577 354/370/441 
f 494/510/578 354/370/441 493/509/577 
f 354/370/441 494/510/578 359/375/446 
f 495/511/579 359/375/446 494/510/578 
f 359/375/446 495/511/579 364/380/451 
f 496/512/580 364/380/451 495/511/579 
f 364/380/451 496/512/580 371/387/458 
f 497/513/578 371/387/458 496/512/580 
f 371/387/458 497/513/578 379/395/466 
f 497/513/578 498/514/581 379/395/466 
f 498/514/581 497/513/578 499/515/582 
f 500/516/583 379/395/466 498/514/581 
f 379/395/466 500/516/583 501/517/584 
f 378/394/465 379/395/466 501/517/584 
f 501/517/584 502/518/585 378/394/465 
f 377/393/464 378/394/465 502/518/585 
f 503/519/586 377/393/464 502/518/585 
f 504/520/587 503/519/586 502/518/585 
f 502/518/585 501/517/584 504/520/587 
f 501/517/584 505/521/588 504/520/587 
f 505/521/588 501/517/584 500/516/583 
f 377/393/464 503/519/586 385/401/472 
f 506/522/589 385/401/472 503/519/586 
f 507/523/590 506/522/589 503/519/586 
f 503/519/586 504/520/587 507/523/590 
f 504/520/587 508/524/591 507/523/590 
f 508/524/591 504/520/587 505/521/588 
f 385/401/472 506/522/589 386/402/473 
f 393/409/480 386/402/473 506/522/589 
f 509/525/592 393/409/480 506/522/589 
f 506/522/589 507/523/590 509/525/592 
f 507/523/590 510/526/593 509/525/592 
f 510/526/593 507/523/590 508/524/591 
f 511/527/594 509/525/592 510/526/593 
f 393/409/480 509/525/592 512/528/480 
f 509/525/592 511/527/594 512/528/480 
f 513/529/595 393/409/480 512/528/480 
f 511/527/594 513/529/595 512/528/480 
f 513/529/595 511/527/594 514/530/596 
f 393/409/480 513/529/595 515/531/597 
f 516/532/598 515/531/597 513/529/595 
f 514/530/596 516/532/598 513/529/595 
f 516/532/598 514/530/596 517/533/599 
f 518/534/600 515/531/597 516/532/598 
f 515/531/597 518/534/600 402/418/489 
f 518/534/600 417/433/504 402/418/489 
f 516/532/598 519/535/601 518/534/600 
f 519/535/601 516/532/598 517/533/599 
f 520/536/487 518/534/600 519/535/601 
f 518/534/600 520/536/487 521/537/602 
f 417/433/504 518/534/600 521/537/602 
f 521/537/602 522/538/603 417/433/504 
f 523/539/604 521/537/602 520/536/487 
f 522/538/603 521/537/602 523/539/604 
f 418/434/505 417/433/504 522/538/603 
f 402/418/489 394/410/481 515/531/597 
f 394/410/481 393/409/480 515/531/597 
f 524/540/605 425/441/512 525/541/606 
f 525/541/606 526/542/607 524/540/605 
f 425/441/512 524/540/605 430/446/517 
f 527/543/608 430/446/517 524/540/605 
f 524/540/605 528/544/609 527/543/608 
f 528/544/609 524/540/605 526/542/607 
f 430/446/517 527/543/608 434/450/521 
f 529/545/610 434/450/521 527/543/608 
f 527/543/608 530/546/611 529/545/610 
f 530/546/611 527/543/608 528/544/609 
f 530/546/611 531/547/522 529/545/610 
f 531/547/522 438/454/525 529/545/610 
f 434/450/521 529/545/610 438/454/525 
f 438/454/525 531/547/522 439/455/526 
f 445/461/532 439/455/526 531/547/522 
f 532/548/469 445/461/532 531/547/522 
f 531/547/522 530/546/611 532/548/469 
f 425/441/512 426/442/513 525/541/606 
f 533/549/612 525/541/606 426/442/513 
f 426/442/513 534/550/613 533/549/612 
f 525/541/606 533/549/612 535/551/614 
f 536/552/615 535/551/614 533/549/612 
f 533/549/612 537/553/616 536/552/615 
f 537/553/616 533/549/612 534/550/613 
f 535/551/614 536/552/615 538/554/617 
f 539/555/618 538/554/617 536/552/615 
f 538/554/617 540/556/619 535/551/614 
f 536/552/615 541/557/620 539/555/618 
f 541/557/620 536/552/615 537/553/616 
f 538/554/617 539/555/618 542/558/621 
f 539/555/618 543/559/622 542/558/621 
f 542/558/621 544/560/623 538/554/617 
f 540/556/619 538/554/617 544/560/623 
f 545/561/624 542/558/621 543/559/622 
f 542/558/621 545/561/624 546/562/625 
f 546/562/625 547/563/626 542/558/621 
f 544/560/623 542/558/621 547/563/626 
f 545/561/624 548/564/627 546/562/625 
f 546/562/625 548/564/627 549/565/628 
f 547/563/626 546/562/625 549/565/628 
f 543/559/622 550/566/629 545/561/624 
f 548/564/627 545/561/624 550/566/629 
f 551/567/630 543/559/622 539/555/618 
f 543/559/622 551/567/630 552/568/631 
f 552/568/631 553/569/632 543/559/622 
f 550/566/629 543/559/622 553/569/632 
f 551/567/630 554/570/633 552/568/631 
f 553/569/632 552/568/631 554/570/633 
f 539/555/618 555/571/634 551/567/630 
f 551/567/630 555/571/634 556/572/635 
f 554/570/633 551/567/630 556/572/635 
f 555/571/634 539/555/618 541/557/620 
f 557/573/636 445/461/532 558/574/637 
f 445/461/532 532/548/469 558/574/637 
f 445/461/532 557/573/636 450/466/536 
f 559/575/638 450/466/536 557/573/636 
f 450/466/536 559/575/638 455/471/541 
f 560/576/639 455/471/541 559/575/638 
f 455/471/541 560/576/640 459/475/544 
f 476/492/641 459/475/544 560/576/640 
f 459/475/544 476/492/561 464/480/549 
f 535/551/614 561/577/642 525/541/606 
f 526/542/607 525/541/606 561/577/642 
f 561/577/642 535/551/614 540/556/619 
f 562/578/643 433/449/520 563/579/644 
f 433/449/520 564/580/645 563/579/644 
f 433/449/520 562/578/643 432/448/519 
f 565/581/646 432/448/519 562/578/643 
f 432/448/519 565/581/646 429/445/516 
f 566/582/647 429/445/516 565/581/646 
f 429/445/516 566/582/647 424/440/511 
f 567/583/648 424/440/511 566/582/647 
f 424/440/511 567/583/648 420/436/507 
f 568/584/649 420/436/507 567/583/648 
f 420/436/507 568/584/649 413/429/500 
f 569/585/650 413/429/500 568/584/649 
f 413/429/500 569/585/650 410/426/497 
f 570/586/651 410/426/497 569/585/650 
f 410/426/497 570/586/651 409/425/496 
f 571/587/652 409/425/496 570/586/651 
f 409/425/496 571/587/652 405/421/492 
f 572/588/653 405/421/492 571/587/652 
f 405/421/492 572/588/653 399/415/486 
f 573/589/654 399/415/486 572/588/653 
f 399/415/486 573/589/654 398/414/485 
f 574/590/655 398/414/485 573/589/654 
f 398/414/485 574/590/655 396/412/483 
f 575/591/656 396/412/483 574/590/655 
f 396/412/483 575/591/656 397/413/484 
f 576/592/657 397/413/484 575/591/656 
f 397/413/484 576/592/657 390/406/477 
f 577/593/658 390/406/477 576/592/657 
f 390/406/477 577/593/658 389/405/476 
f 578/594/659 389/405/476 577/593/658 
f 389/405/476 578/594/659 579/595/660 
f 580/596/661 579/595/660 578/594/659 
f 581/597/662 389/405/476 579/595/660 
f 579/595/660 580/596/661 582/598/663 
f 583/599/664 579/595/660 582/598/663 
f 579/595/660 583/599/664 581/597/662 
f 580/596/661 440/456/527 582/598/663 
f 440/456/527 583/599/664 582/598/663 
f 440/456/527 580/596/661 564/580/645 
f 583/599/664 440/456/527 584/600/665 
f 564/580/645 433/449/520 440/456/527 
f 440/456/527 436/452/523 584/600/665 
f 441/457/528 584/600/665 436/452/523 
f 584/600/665 441/457/528 585/601/666 
f 586/602/667 584/600/665 585/601/666 
f 584/600/665 586/602/667 583/599/664 
f 586/602/667 581/597/662 583/599/664 
f 581/597/662 586/602/667 387/403/474 
f 586/602/667 587/603/668 387/403/474 
f 388/404/475 387/403/474 587/603/668 
f 446/462/533 585/601/666 441/457/528 
f 585/601/666 446/462/533 588/604/669 
f 588/604/669 586/602/667 585/601/666 
f 586/602/667 588/604/669 589/605/670 
f 587/603/668 586/602/667 589/605/670 
f 381/397/671 376/392/463 388/404/475 
f 387/403/474 383/399/470 581/597/662 
f 389/405/476 581/597/662 383/399/470 
f 590/606/672 563/579/673 591/607/674 
f 564/580/675 591/607/674 563/579/673 
f 563/579/673 590/606/672 562/578/676 
f 592/608/677 562/578/676 590/606/672 
f 562/578/676 592/608/677 565/581/678 
f 593/609/679 565/581/678 592/608/677 
f 565/581/678 593/609/679 566/582/680 
f 594/610/681 566/582/680 593/609/679 
f 566/582/680 594/610/681 567/583/682 
f 595/611/683 567/583/682 594/610/681 
f 567/583/682 595/611/683 568/584/684 
f 596/612/685 568/584/684 595/611/683 
f 568/584/684 596/612/685 569/585/686 
f 597/613/687 569/585/686 596/612/685 
f 569/585/686 597/613/687 570/586/688 
f 598/614/689 570/586/688 597/613/687 
f 570/586/688 598/614/689 571/587/690 
f 599/615/691 571/587/690 598/614/689 
f 571/587/690 599/615/691 572/588/692 
f 600/616/693 572/588/692 599/615/691 
f 572/588/692 600/616/693 573/589/694 
f 601/617/695 573/589/694 600/616/693 
f 573/589/694 601/617/695 574/590/696 
f 602/618/697 574/590/696 601/617/695 
f 451/467/698 603/619/699 446/462/700 
f 604/620/701 446/462/700 603/619/699 
f 603/619/699 451/467/698 605/621/702 
f 456/472/703 605/621/702 451/467/698 
f 446/462/700 604/620/701 588/604/704 
f 604/620/701 589/605/705 588/604/704 
f 589/605/705 604/620/701 606/622/706 
f 607/623/707 589/605/705 606/622/706 
f 589/605/705 607/623/707 587/603/708 
f 608/624/709 587/603/708 607/623/707 
f 587/603/708 608/624/709 388/404/710 
f 609/625/711 388/404/710 608/624/709 
f 388/404/710 609/625/711 381/397/712 
f 610/626/713 381/397/712 609/625/711 
f 605/621/714 456/472/703 611/627/715 
f 461/477/716 611/627/717 456/472/703 
f 611/627/717 461/477/716 612/628/718 
f 462/478/719 612/628/718 461/477/716 
f 612/628/718 462/478/719 613/629/720 
f 357/373/721 613/629/720 462/478/719 
f 613/629/720 357/373/721 614/630/722 
f 352/368/723 614/630/722 357/373/721 
f 614/630/722 352/368/723 615/631/724 
f 360/376/725 615/631/724 352/368/723 
f 615/631/724 360/376/725 616/632/726 
f 365/381/727 616/632/726 360/376/725 
f 616/632/726 365/381/727 617/633/728 
f 366/382/729 617/633/728 365/381/727 
f 617/633/728 366/382/729 618/634/730 
f 372/388/731 618/634/730 366/382/729 
f 618/634/730 372/388/731 619/635/732 
f 373/389/733 619/635/732 372/388/731 
f 619/635/732 373/389/733 620/636/734 
f 380/396/735 620/636/734 373/389/733 
f 620/636/734 380/396/735 610/626/736 
f 381/397/737 610/626/736 380/396/735 
f 621/637/738 575/591/739 602/618/740 
f 574/590/696 602/618/740 575/591/739 
f 575/591/739 621/637/738 576/592/741 
f 622/638/742 576/592/741 621/637/738 
f 576/592/741 622/638/742 577/593/743 
f 623/639/744 577/593/743 622/638/742 
f 577/593/743 623/639/744 578/594/745 
f 624/640/746 578/594/745 623/639/744 
f 578/594/745 624/640/746 580/596/747 
f 624/640/746 564/580/675 580/596/747 
f 564/580/675 624/640/746 625/641/748 
f 591/607/674 564/580/675 625/641/748 
f 626/642/749 590/643/750 627/644/751 
f 590/643/750 626/642/749 592/645/752 
f 628/646/753 592/645/752 626/642/749 
f 629/647/754 628/646/753 626/642/749 
f 627/644/751 629/647/754 626/642/749 
f 629/647/754 627/644/751 630/648/755 
f 592/645/752 628/646/753 593/649/756 
f 631/650/757 593/649/756 628/646/753 
f 593/649/756 631/650/757 594/651/758 
f 632/652/759 594/651/758 631/650/757 
f 594/651/758 632/652/759 595/653/760 
f 633/654/761 595/653/760 632/652/759 
f 634/655/762 633/654/761 632/652/759 
f 631/650/757 634/655/762 632/652/759 
f 634/655/762 631/650/757 635/656/763 
f 628/646/753 635/656/763 631/650/757 
f 635/656/763 628/646/753 636/657/764 
f 628/646/753 629/647/754 636/657/764 
f 637/658/765 634/655/762 635/656/763 
f 636/657/764 637/658/765 635/656/763 
f 637/658/765 636/657/764 638/659/766 
f 629/647/754 638/659/766 636/657/764 
f 638/659/766 629/647/754 639/660/767 
f 630/648/755 639/660/767 629/647/754 
f 639/660/767 630/648/755 640/661/768 
f 595/653/760 633/654/761 596/662/769 
f 641/663/770 596/662/769 633/654/761 
f 596/662/769 641/663/770 597/664/771 
f 642/665/772 597/664/771 641/663/770 
f 597/664/771 642/665/772 598/666/773 
f 643/667/774 598/666/773 642/665/772 
f 598/666/773 643/667/774 599/668/775 
f 644/669/765 599/668/775 643/667/774 
f 599/668/775 644/669/765 600/670/776 
f 645/671/777 600/670/776 644/669/765 
f 646/672/778 645/671/777 644/669/765 
f 643/667/774 646/672/778 644/669/765 
f 646/672/778 643/667/774 647/673/779 
f 642/665/772 647/673/779 643/667/774 
f 647/673/779 642/665/772 648/674/780 
f 641/663/770 648/674/780 642/665/772 
f 648/674/780 641/663/770 649/675/781 
f 600/670/776 645/671/777 601/676/782 
f 650/677/783 601/676/782 645/671/777 
f 633/654/761 649/675/781 641/663/770 
f 649/675/781 633/654/761 651/678/784 
f 651/678/784 652/679/785 649/675/781 
f 652/679/785 651/678/784 653/680/786 
f 654/681/787 649/675/781 652/679/785 
f 649/675/781 654/681/787 648/674/780 
f 655/682/788 648/674/780 654/681/787 
f 648/674/780 655/682/788 647/673/779 
f 656/683/789 647/673/779 655/682/788 
f 634/655/762 653/680/786 651/678/784 
f 633/654/761 634/655/762 651/678/784 
f 647/673/779 656/683/789 657/684/790 
f 658/685/791 647/673/779 657/684/790 
f 647/673/779 658/685/791 646/672/778 
f 659/686/792 646/672/778 658/685/791 
f 660/687/789 657/684/790 656/683/789 
f 661/688/793 658/685/791 657/684/790 
f 657/684/790 660/687/789 661/688/793 
f 662/689/794 661/688/793 660/687/789 
f 653/680/786 634/655/762 663/690/795 
f 664/691/796 663/690/795 634/655/762 
f 663/690/795 664/691/796 665/692/797 
f 666/693/798 665/692/797 664/691/796 
f 634/655/762 637/658/765 664/691/796 
f 667/694/799 664/691/796 637/658/765 
f 664/691/796 667/694/799 666/693/798 
f 668/695/800 666/693/798 667/694/799 
f 665/692/797 666/693/798 669/696/801 
f 670/697/802 669/696/801 666/693/798 
f 666/693/798 668/695/800 670/697/802 
f 671/698/803 670/697/802 668/695/800 
f 638/659/766 667/694/799 637/658/765 
f 667/694/799 638/659/766 672/699/804 
f 639/660/767 672/699/804 638/659/766 
f 672/699/804 639/660/767 673/700/805 
f 640/661/768 673/700/805 639/660/767 
f 673/700/805 640/661/768 674/701/806 
f 675/702/807 674/701/806 640/661/768 
f 674/701/806 675/702/807 676/703/808 
f 677/704/809 676/703/808 675/702/807 
f 630/648/755 675/702/807 640/661/768 
f 675/702/807 630/648/755 678/705/810 
f 678/705/810 677/704/809 675/702/807 
f 677/704/809 678/705/810 679/706/811 
f 680/707/812 677/704/809 679/706/811 
f 681/708/813 678/705/810 630/648/755 
f 678/705/810 681/708/813 682/709/814 
f 682/709/814 679/706/811 678/705/810 
f 679/706/811 682/709/814 683/710/815 
f 684/711/816 682/709/814 681/708/813 
f 681/708/813 685/712/817 684/711/816 
f 682/709/814 684/711/816 686/713/818 
f 686/713/818 683/710/815 682/709/814 
f 683/710/815 686/713/818 687/714/819 
f 688/715/820 684/711/816 685/712/817 
f 684/711/816 688/715/820 689/716/821 
f 689/716/821 686/713/818 684/711/816 
f 686/713/818 689/716/821 690/717/822 
f 690/717/822 687/714/819 686/713/818 
f 687/714/819 690/717/822 691/718/823 
f 692/719/824 690/717/822 689/716/821 
f 688/715/820 692/719/824 689/716/821 
f 693/720/825 691/718/823 690/717/822 
f 690/717/822 692/719/824 693/720/825 
f 691/718/823 694/721/826 687/714/819 
f 694/721/826 691/718/823 695/722/827 
f 696/723/828 687/714/819 694/721/826 
f 687/714/819 696/723/828 683/710/815 
f 691/718/823 697/724/829 695/722/827 
f 697/724/829 606/725/830 695/722/827 
f 606/725/830 694/721/826 695/722/827 
f 606/725/830 697/724/829 607/726/831 
f 698/727/832 607/726/831 697/724/829 
f 607/726/831 698/727/832 608/728/833 
f 697/724/829 699/729/834 698/727/832 
f 700/730/835 608/728/833 698/727/832 
f 608/728/833 700/730/835 609/731/836 
f 698/727/832 701/732/837 700/730/835 
f 701/732/837 698/727/832 699/729/834 
f 700/730/835 701/732/837 702/733/838 
f 702/733/838 609/731/836 700/730/835 
f 699/729/834 703/734/839 701/732/837 
f 604/735/840 696/723/828 694/721/826 
f 694/721/826 606/725/841 604/735/840 
f 704/736/842 702/733/838 701/732/837 
f 702/733/838 704/736/842 705/737/843 
f 704/736/842 706/738/844 705/737/843 
f 701/732/837 707/739/845 704/736/842 
f 707/739/845 701/732/837 703/734/839 
f 703/734/839 708/740/846 707/739/845 
f 706/738/844 620/741/847 705/737/843 
f 620/741/847 706/738/844 619/742/848 
f 610/743/849 705/737/843 620/741/847 
f 709/744/850 619/742/848 706/738/844 
f 619/742/848 709/744/850 618/745/851 
f 706/738/844 710/746/852 709/744/850 
f 711/747/853 618/745/851 709/744/850 
f 618/745/851 711/747/853 617/748/854 
f 709/744/850 712/749/855 711/747/853 
f 712/749/855 709/744/850 710/746/852 
f 710/746/852 713/750/856 712/749/855 
f 714/751/857 617/748/854 711/747/853 
f 617/748/854 714/751/857 616/752/858 
f 711/747/853 715/753/859 714/751/857 
f 715/753/859 711/747/853 712/749/855 
f 712/749/855 716/754/855 715/753/859 
f 716/754/855 712/749/855 713/750/856 
f 717/755/860 616/752/858 714/751/857 
f 616/752/858 717/755/860 615/756/861 
f 714/751/857 718/757/862 717/755/860 
f 718/757/862 714/751/857 715/753/859 
f 715/753/859 719/758/863 718/757/862 
f 719/758/863 715/753/859 716/754/855 
f 718/757/862 720/759/864 717/755/860 
f 720/759/864 615/756/861 717/755/860 
f 615/756/861 720/759/864 614/760/865 
f 721/761/866 718/757/862 719/758/863 
f 722/762/867 614/760/865 720/759/864 
f 614/760/865 722/762/867 613/763/868 
f 720/759/864 723/764/869 722/762/867 
f 724/765/870 613/763/868 722/762/867 
f 613/763/868 724/765/870 612/766/871 
f 722/762/867 725/767/872 724/765/870 
f 725/767/872 722/762/867 723/764/869 
f 725/767/872 726/768/873 724/765/870 
f 726/768/873 612/766/871 724/765/870 
f 612/766/871 726/768/873 611/769/874 
f 723/764/869 727/770/875 725/767/872 
f 728/771/876 611/769/874 726/768/873 
f 726/768/873 679/706/811 728/771/876 
f 679/706/811 696/723/828 728/771/876 
f 603/772/877 728/771/876 696/723/828 
f 696/723/828 604/735/878 603/772/877 
f 728/771/876 603/772/877 605/773/879 
f 611/769/880 728/771/876 605/773/879 
f 696/723/828 679/706/811 683/710/815 
f 679/706/811 726/768/873 680/707/812 
f 726/768/873 725/767/872 680/707/812 
f 725/767/872 729/774/881 680/707/812 
f 729/774/881 725/767/872 727/770/875 
f 727/770/875 730/775/882 729/774/881 
f 677/704/809 680/707/812 729/774/881 
f 729/774/881 731/776/883 677/704/809 
f 731/776/883 729/774/881 730/775/882 
f 676/703/808 677/704/809 731/776/883 
f 732/777/884 676/703/808 731/776/883 
f 676/703/808 732/777/884 733/778/885 
f 731/776/883 734/779/886 732/777/884 
f 734/779/886 731/776/883 730/775/882 
f 730/775/882 735/780/887 734/779/886 
f 733/778/885 674/701/806 676/703/808 
f 674/701/806 733/778/885 736/781/888 
f 736/781/888 673/700/805 674/701/806 
f 673/700/805 736/781/888 737/782/889 
f 737/782/889 672/699/804 673/700/805 
f 672/699/804 737/782/889 738/783/890 
f 735/780/887 730/775/882 739/784/891 
f 739/784/891 740/785/892 735/780/887 
f 730/775/882 727/770/875 739/784/891 
f 741/786/893 739/784/891 727/770/875 
f 738/783/890 667/694/799 672/699/804 
f 667/694/799 738/783/890 742/787/894 
f 727/770/875 723/764/869 741/786/893 
f 723/764/869 743/788/895 741/786/893 
f 743/788/895 723/764/869 744/789/896 
f 745/790/897 741/786/893 743/788/895 
f 723/764/869 720/759/864 744/789/896 
f 720/759/864 718/757/862 744/789/896 
f 718/757/862 721/761/866 744/789/896 
f 746/791/898 744/789/896 721/761/866 
f 744/789/896 746/791/898 743/788/895 
f 747/792/899 743/788/895 746/791/898 
f 743/788/895 747/792/899 745/790/897 
f 748/793/900 745/790/897 747/792/899 
f 740/785/892 739/784/891 749/794/901 
f 741/786/893 745/790/897 749/794/901 
f 750/795/902 749/794/901 745/790/897 
f 745/790/897 748/793/900 750/795/902 
f 751/796/903 750/795/902 748/793/900 
f 739/784/891 741/786/893 749/794/901 
f 749/794/901 750/795/902 752/797/904 
f 753/798/905 752/797/904 750/795/902 
f 750/795/902 751/796/903 753/798/905 
f 754/799/906 753/798/905 751/796/903 
f 755/800/907 749/794/901 752/797/904 
f 749/794/901 755/800/907 740/785/892 
f 752/797/904 756/801/908 755/800/907 
f 752/797/904 753/798/905 757/802/909 
f 756/801/908 752/797/904 757/802/909 
f 758/803/910 757/802/909 753/798/905 
f 753/798/905 754/799/906 758/803/910 
f 757/802/909 759/804/911 756/801/908 
f 754/799/906 760/805/912 758/803/910 
f 760/805/912 754/799/906 761/806/913 
f 762/807/914 760/805/912 761/806/913 
f 763/808/915 760/805/912 762/807/914 
f 764/809/916 758/803/910 760/805/912 
f 760/805/912 763/808/915 764/809/916 
f 763/808/915 765/810/917 764/809/916 
f 765/810/917 763/808/915 766/811/918 
f 767/812/919 764/809/916 765/810/917 
f 768/813/911 765/810/917 766/811/918 
f 765/810/917 768/813/911 767/812/919 
f 757/802/909 758/803/910 769/814/920 
f 764/809/916 767/812/919 769/814/920 
f 759/804/911 757/802/909 769/814/920 
f 758/803/910 764/809/916 769/814/920 
f 769/814/920 767/812/919 770/815/921 
f 768/813/911 770/815/921 767/812/919 
f 770/815/921 759/804/911 769/814/920 
f 770/815/921 768/813/911 771/816/922 
f 772/817/920 770/815/921 771/816/922 
f 759/804/911 770/815/921 772/817/920 
f 773/818/923 602/819/924 650/677/783 
f 601/676/925 650/677/783 602/819/924 
f 774/820/926 773/818/927 650/677/783 
f 775/821/928 773/818/927 774/820/926 
f 776/822/929 775/821/928 774/820/926 
f 776/822/929 777/823/930 775/821/928 
f 693/720/825 775/821/928 777/823/930 
f 645/671/777 774/820/926 650/677/783 
f 774/820/926 645/671/777 778/824/931 
f 778/824/931 776/822/929 774/820/926 
f 776/822/929 778/824/931 659/686/792 
f 775/821/928 693/720/825 692/719/824 
f 692/719/824 779/825/932 775/821/928 
f 779/825/932 621/826/933 773/818/927 
f 602/819/934 773/818/927 621/826/933 
f 621/826/933 779/825/932 622/827/935 
f 780/828/936 622/827/935 779/825/932 
f 779/825/932 692/719/824 780/828/936 
f 692/719/824 688/715/937 780/828/936 
f 622/827/935 780/828/936 623/829/938 
f 688/715/820 623/829/938 780/828/936 
f 623/829/938 688/715/820 624/830/939 
f 688/715/820 625/831/940 624/830/939 
f 777/823/930 781/832/941 693/720/825 
f 691/718/823 693/720/825 781/832/941 
f 697/724/829 691/718/823 781/832/941 
f 699/729/834 697/724/829 781/832/941 
f 781/832/941 777/823/930 699/729/834 
f 782/833/942 699/729/834 777/823/930 
f 699/729/834 782/833/942 703/734/839 
f 782/833/942 783/834/943 703/734/839 
f 777/823/930 776/822/929 782/833/942 
f 708/740/846 703/734/839 783/834/943 
f 783/834/943 784/835/944 708/740/846 
f 785/836/945 708/740/846 784/835/944 
f 708/740/846 785/836/945 786/837/946 
f 784/835/944 787/838/947 785/836/945 
f 788/839/948 786/837/946 785/836/945 
f 786/837/946 788/839/948 789/840/949 
f 788/839/948 790/841/949 789/840/949 
f 785/836/945 791/842/950 788/839/948 
f 791/842/950 785/836/945 787/838/947 
f 792/843/951 789/840/949 790/841/949 
f 789/840/949 792/843/951 793/844/952 
f 793/844/952 786/837/946 789/840/949 
f 786/837/946 793/844/952 794/845/953 
f 707/739/845 786/837/946 794/845/953 
f 786/837/946 707/739/845 708/740/846 
f 795/846/954 793/844/952 792/843/951 
f 793/844/952 795/846/954 710/746/852 
f 796/847/955 793/844/952 710/746/852 
f 793/844/952 796/847/955 794/845/953 
f 704/736/842 794/845/953 796/847/955 
f 794/845/953 704/736/842 707/739/845 
f 713/750/856 710/746/852 795/846/954 
f 710/746/852 706/738/844 796/847/955 
f 706/738/844 704/736/842 796/847/955 
f 797/848/956 788/839/948 791/842/950 
f 788/839/948 797/848/956 798/849/957 
f 790/841/949 788/839/948 798/849/957 
f 609/731/958 702/733/838 610/743/959 
f 705/737/843 610/743/959 702/733/838 
f 685/712/817 591/850/960 625/831/961 
f 625/831/961 688/715/962 685/712/817 
f 799/851/963 590/643/750 591/850/964 
f 591/850/964 685/712/817 799/851/963 
f 590/643/750 799/851/963 627/644/751 
f 681/708/813 627/644/751 799/851/963 
f 685/712/817 681/708/813 799/851/963 
f 627/644/751 681/708/813 630/648/755 
f 414/430/965 663/852/966 416/432/967 
f 663/852/966 422/438/847 416/432/967 
f 663/852/966 414/430/965 653/853/968 
f 411/427/969 653/853/968 414/430/965 
f 653/853/968 411/427/969 652/854/970 
f 407/423/839 652/854/970 411/427/969 
f 652/854/970 407/423/839 654/855/839 
f 404/420/971 654/855/839 407/423/839 
f 654/855/839 404/420/971 655/856/972 
f 418/434/972 655/856/972 404/420/971 
f 655/856/972 418/434/972 656/857/971 
f 418/434/972 660/858/973 656/857/971 
f 660/858/973 418/434/972 522/538/973 
f 523/539/974 660/858/973 522/538/973 
f 660/858/973 523/539/974 662/859/975 
f 422/438/847 663/852/966 665/860/976 
f 665/860/976 427/443/977 422/438/847 
f 427/443/977 665/860/976 669/861/978 
f 800/862/979 427/443/977 669/861/978 
f 427/443/977 800/862/979 534/550/980 
f 800/862/979 537/553/981 534/550/980 
f 537/553/981 800/862/979 801/863/982 
f 801/863/982 541/557/983 537/553/981 
f 541/557/983 801/863/982 802/864/984 
f 802/864/984 555/571/985 541/557/983 
f 555/571/985 802/864/984 803/865/986 
f 803/865/986 556/572/987 555/571/985 
f 556/572/987 803/865/986 804/866/988 
f 804/866/988 554/570/989 556/572/987 
f 554/570/989 804/866/988 805/867/990 
f 805/867/990 553/569/836 554/570/989 
f 553/569/836 805/867/990 806/868/991 
f 806/868/991 550/566/992 553/569/836 
f 550/566/992 806/868/991 807/869/993 
f 807/869/993 548/564/994 550/566/992 
f 548/564/994 807/869/993 808/870/995 
f 808/870/995 549/565/996 548/564/994 
f 549/565/996 808/870/995 809/871/997 
f 810/872/998 549/565/996 809/871/997 
f 549/565/996 810/872/998 547/563/999 
f 810/872/998 544/560/1000 547/563/999 
f 544/560/1000 810/872/998 811/873/1001 
f 811/873/1001 540/556/1002 544/560/1000 
f 540/556/1002 811/873/1001 812/874/1003 
f 812/874/1003 561/577/1004 540/556/1002 
f 561/577/1004 812/874/1003 742/875/1005 
f 742/875/1005 526/542/1006 561/577/1004 
f 526/542/1006 742/875/1005 738/876/1007 
f 738/876/1007 528/544/1008 526/542/1006 
f 528/544/1008 738/876/1007 737/877/1009 
f 737/877/1009 530/546/1010 528/544/1008 
f 530/546/1010 737/877/1009 736/878/1011 
f 733/879/1012 530/546/1010 736/878/1011 
f 530/546/1010 733/879/1012 532/548/1013 
f 732/880/1014 532/548/1013 733/879/1012 
f 532/548/1013 732/880/1014 558/574/1015 
f 732/880/1014 557/573/1016 558/574/1015 
f 557/573/1016 732/880/1014 734/881/1017 
f 734/881/1017 559/575/1018 557/573/1016 
f 559/575/1018 734/881/1017 735/882/1019 
f 735/882/1019 560/576/1020 559/575/1018 
f 560/576/1021 735/882/1019 740/883/1022 
f 740/883/1022 476/492/1023 560/576/1021 
f 719/884/1024 490/506/1025 721/885/1026 
f 490/506/1025 719/884/1024 491/507/1027 
f 716/886/934 491/507/1027 719/884/1024 
f 491/507/1027 716/886/934 492/508/1028 
f 713/887/1029 492/508/1028 716/886/934 
f 492/508/1028 713/887/1029 493/509/1029 
f 795/888/1030 493/509/1029 713/887/1029 
f 493/509/1029 795/888/1030 494/510/1031 
f 792/889/1031 494/510/1031 795/888/1030 
f 494/510/1031 792/889/1031 495/511/1032 
f 792/889/1031 496/512/1033 495/511/1032 
f 496/512/1033 792/889/1031 790/890/805 
f 798/891/1034 496/512/1033 790/890/805 
f 496/512/1033 798/891/1034 497/513/1035 
f 798/891/1034 499/515/1036 497/513/1035 
f 499/515/1036 798/891/1034 797/892/1037 
f 490/506/1025 746/893/1038 721/885/1026 
f 746/893/1038 490/506/1025 489/505/1039 
f 489/505/1039 747/894/1040 746/893/1038 
f 747/894/1040 489/505/1039 488/504/1041 
f 487/503/1042 747/894/1040 488/504/1041 
f 747/894/1040 487/503/1042 748/895/1043 
f 487/503/1042 751/896/1044 748/895/1043 
f 751/896/1044 487/503/1042 486/502/1045 
f 486/502/1045 754/897/1046 751/896/1044 
f 754/897/1046 486/502/1045 485/501/1047 
f 485/501/1047 761/898/1048 754/897/1046 
f 761/898/1048 485/501/1047 484/500/1049 
f 484/500/1049 762/899/1050 761/898/1048 
f 762/899/1050 484/500/1049 483/499/1051 
f 482/498/1052 762/899/1050 483/499/1051 
f 762/899/1050 482/498/1052 763/900/1053 
f 482/498/1052 766/901/1054 763/900/1053 
f 766/901/1054 482/498/1052 481/497/1055 
f 481/497/1055 768/902/1056 766/901/1054 
f 768/902/1056 481/497/1055 480/496/1057 
f 480/496/1057 771/903/1058 768/902/1056 
f 771/903/1058 480/496/1057 479/495/1059 
f 479/495/1059 772/904/1060 771/903/1058 
f 772/904/1060 479/495/1059 478/494/1061 
f 813/905/1062 523/539/1063 520/536/1064 
f 520/536/1064 814/906/1065 813/905/1062 
f 814/906/1065 520/536/1064 519/535/1066 
f 517/533/1067 814/906/1065 519/535/1066 
f 814/906/1065 517/533/1067 815/907/1068 
f 514/530/1069 815/907/1068 517/533/1067 
f 815/907/1068 514/530/1069 816/908/1070 
f 514/530/1069 817/909/1071 816/908/1070 
f 817/909/1071 514/530/1069 511/527/1072 
f 791/910/1073 499/515/1074 797/892/1075 
f 499/515/1074 791/910/1073 498/514/1076 
f 791/910/1073 500/516/1077 498/514/1076 
f 500/516/1077 791/910/1073 787/911/1078 
f 818/912/1079 500/516/1077 787/911/1078 
f 500/516/1077 818/912/1079 505/521/1080 
f 818/912/1079 508/524/1081 505/521/1080 
f 508/524/1081 818/912/1079 819/913/1082 
f 819/913/1082 510/526/1083 508/524/1081 
f 510/526/1083 819/913/1082 820/914/1084 
f 820/914/1084 511/527/1072 510/526/1083 
f 511/527/1072 820/914/1084 817/909/1071 
f 756/915/1085 477/493/1086 475/491/1087 
f 477/493/1086 756/915/1085 759/916/1088 
f 772/917/1060 477/493/1086 759/916/1088 
f 475/491/1087 755/918/1089 756/915/1085 
f 755/918/1089 475/491/1087 476/492/1090 
f 476/492/1090 740/883/1022 755/918/1089 
f 477/493/1086 772/917/1060 478/494/1061 
f 821/919/1091 804/920/1092 803/921/1093 
f 822/922/1094 804/920/1092 821/919/1091 
f 803/921/1093 823/923/1095 821/919/1091 
f 823/923/1095 803/921/1093 802/924/1096 
f 824/925/1097 821/919/1091 823/923/1095 
f 821/919/1091 824/925/1097 822/922/1094 
f 824/925/1097 825/926/1098 822/922/1094 
f 801/927/1099 823/923/1095 802/924/1096 
f 823/923/1095 801/927/1099 826/928/1100 
f 826/928/1100 824/925/1097 823/923/1095 
f 824/925/1097 826/928/1100 671/698/803 
f 800/929/1101 826/928/1100 801/927/1099 
f 826/928/1100 800/929/1101 670/697/802 
f 670/697/802 671/698/803 826/928/1100 
f 669/696/801 670/697/802 800/929/1101 
f 804/920/1092 822/922/1094 805/930/1102 
f 822/922/1094 806/931/1103 805/930/1102 
f 806/931/1103 822/922/1094 825/926/1098 
f 827/932/1104 806/931/1103 825/926/1098 
f 825/926/1098 824/925/1097 827/932/1104 
f 827/932/1104 824/925/1097 828/933/1105 
f 824/925/1097 809/934/1106 828/933/1105 
f 828/933/1105 809/934/1106 808/935/1107 
f 808/935/1107 827/932/1104 828/933/1105 
f 827/932/1104 808/935/1107 807/936/1108 
f 806/931/1103 827/932/1104 807/936/1108 
f 809/934/1106 824/925/1097 810/937/1109 
f 824/925/1097 811/938/1110 810/937/1109 
f 671/698/803 812/939/1111 811/938/1110 
f 812/939/1111 671/698/803 668/695/800 
f 668/695/800 742/787/894 812/939/1111 
f 742/787/894 668/695/800 667/694/799 
f 811/938/1110 824/925/1097 671/698/803 
f 813/940/1112 829/941/779 662/689/794 
f 814/942/1113 829/941/779 813/940/1112 
f 661/688/793 662/689/794 829/941/779 
f 830/943/1114 661/688/793 829/941/779 
f 829/941/779 814/942/1113 830/943/1114 
f 815/944/1115 830/943/1114 814/942/1113 
f 816/945/1116 830/943/1114 815/944/1115 
f 830/943/1114 816/945/1116 831/946/1117 
f 817/947/1118 831/946/1117 816/945/1116 
f 831/946/1117 817/947/1118 832/948/1119 
f 832/948/1119 833/949/1120 831/946/1117 
f 820/950/1121 832/948/1119 817/947/1118 
f 834/951/1122 831/946/1117 833/949/1120 
f 661/688/793 830/943/1114 834/951/1122 
f 831/946/1117 834/951/1122 830/943/1114 
f 833/949/1120 658/685/791 834/951/1122 
f 658/685/791 661/688/793 834/951/1122 
f 658/685/791 833/949/1120 659/686/792 
f 835/952/1123 659/686/792 833/949/1120 
f 833/949/1120 832/948/1119 835/952/1123 
f 836/953/1124 835/952/1123 832/948/1119 
f 832/948/1119 820/950/1121 836/953/1124 
f 659/686/792 835/952/1123 776/822/929 
f 837/954/1125 776/822/929 835/952/1123 
f 835/952/1123 836/953/1124 837/954/1125 
f 838/955/1126 837/954/1125 836/953/1124 
f 837/954/1125 838/955/1126 783/834/943 
f 836/953/1124 819/956/1127 838/955/1126 
f 819/956/1127 836/953/1124 820/950/1121 
f 784/835/944 783/834/943 838/955/1126 
f 838/955/1126 818/957/1128 784/835/944 
f 818/957/1128 838/955/1126 819/956/1127 
f 787/838/947 784/835/944 818/957/1128 
f 783/834/943 782/833/942 837/954/1125 
f 776/822/929 837/954/1125 782/833/942 
f 646/672/778 659/686/792 778/824/931 
f 645/671/777 646/672/778 778/824/931 
f 534/550/613 426/442/513 427/443/514 
f 462/478/547 356/372/443 357/373/444 
f 523/539/1129 813/905/1062 662/859/1130 
f 773/818/1131 775/821/928 779/825/932 
# 0 polygons - 984 triangles

